game_id,season,game_date,team_id,team_uid,team_location,team_name,team_abbreviation,team_color,team_alternate_color,team_home_away,team_score,team_winner,assists,blocks,defensive_rebounds,field_goal_pct,field_goals_made,field_goals_attempted,flagrant_fouls,fouls,free_throw_pct,free_throws_made,free_throws_attempted,largest_lead,offensive_rebounds,steals,team_turnovers,technical_fouls,three_point_field_goal_pct,three_point_field_goals_made,three_point_field_goals_attempted,total_rebounds,total_technical_fouls,total_turnovers,turnovers,opponent_team_id,opponent_team_uid,opponent_team_location,opponent_team_name,opponent_team_color,opponent_team_alternate_color,opponent_team_score,fast_break_points,points_in_paint,turnover_points,lead_changes,lead_percentage
401813788,2026,11/6/2025,2628,s:40~l:54~t:2628,TCU,Horned Frogs,TCU,4d1979,ffffff,home,82,TRUE,24,12,28,47,32,68,NA,19,64,7,11,39,19,7,0,0,31,11,35,47,0,16,16,2448,s:40~l:54~t:2448,North Carolina A&T,Aggies,0505aa,004684,43,18,38,22,NA,NA
401822824,2026,11/6/2025,2393,s:40~l:54~t:2393,Middle Tennessee,Blue Raiders,MTSU,036eb7,ffffff,away,73,TRUE,8,4,29,38,20,53,NA,16,84,26,31,21,12,9,1,0,33,7,21,41,0,17,17,139,s:40~l:54~t:139,Saint Louis,Billikens,00539C,ebebeb,55,10,24,18,NA,NA
401822824,2026,11/6/2025,139,s:40~l:54~t:139,Saint Louis,Billikens,SLU,00539C,ebebeb,home,55,FALSE,13,7,24,34,19,56,NA,25,65,11,17,3,10,9,0,0,32,6,19,34,0,18,18,2393,s:40~l:54~t:2393,Middle Tennessee,Blue Raiders,036eb7,ffffff,73,5,20,14,NA,NA
401822201,2026,11/6/2025,53,s:40~l:54~t:53,Florida Tech,Panthers,FIT,000000,NA,away,47,FALSE,8,3,21,28,16,57,NA,16,80,8,10,4,6,12,1,0,29,7,24,27,0,20,20,294,s:40~l:54~t:294,Jacksonville,Dolphins,00523e,NA,75,6,16,9,NA,NA
401822201,2026,11/6/2025,294,s:40~l:54~t:294,Jacksonville,Dolphins,JAX,00523e,NA,home,75,TRUE,18,6,28,42,27,64,NA,13,71,15,21,33,17,11,0,0,35,6,17,45,0,18,18,53,s:40~l:54~t:53,Florida Tech,Panthers,000000,NA,47,19,42,22,NA,NA
401817276,2026,11/6/2025,236,s:40~l:54~t:236,Chattanooga,Mocs,UTC,00386b,dca71d,away,52,FALSE,9,2,18,33,14,42,NA,20,62,18,29,6,8,5,1,0,35,6,17,26,0,25,25,57,s:40~l:54~t:57,Florida,Gators,0021a5,fa4616,94,2,10,5,NA,NA
401817276,2026,11/6/2025,57,s:40~l:54~t:57,Florida,Gators,FLA,0021a5,fa4616,home,94,TRUE,20,4,26,52,35,67,NA,21,58,15,26,42,20,13,0,0,39,9,23,46,0,13,13,236,s:40~l:54~t:236,Chattanooga,Mocs,00386b,dca71d,52,14,44,35,NA,NA
401825124,2026,11/6/2025,2553,s:40~l:54~t:2553,Sewanee,Tigers,SEWA,000000,NA,away,46,FALSE,6,0,23,26,16,61,NA,22,91,10,11,0,12,3,0,0,24,4,17,35,0,27,27,288,s:40~l:54~t:288,Lipscomb,Bisons,20366C,f6b734,105,6,20,8,NA,NA
401825124,2026,11/6/2025,288,s:40~l:54~t:288,Lipscomb,Bisons,LIP,20366C,f6b734,home,105,TRUE,22,7,32,51,38,75,NA,13,69,18,26,66,19,16,0,0,38,11,29,51,0,9,9,2553,s:40~l:54~t:2553,Sewanee,Tigers,000000,NA,46,14,54,33,NA,NA
401830364,2026,11/6/2025,2540,s:40~l:54~t:2540,UC Santa Barbara,Gauchos,UCSB,1e1840,febc11,away,50,FALSE,8,1,17,36,21,58,NA,19,80,4,5,0,7,3,2,0,15,4,27,24,0,17,17,26,s:40~l:54~t:26,UCLA,Bruins,2774ae,f2a900,87,2,30,10,NA,NA
401830364,2026,11/6/2025,26,s:40~l:54~t:26,UCLA,Bruins,UCLA,2774ae,f2a900,home,87,TRUE,22,3,29,49,30,61,NA,14,94,17,18,42,14,10,0,0,33,10,30,43,0,14,14,2540,s:40~l:54~t:2540,UC Santa Barbara,Gauchos,1e1840,febc11,50,18,34,24,NA,NA
401812774,2026,11/6/2025,2440,s:40~l:54~t:2440,Nevada,Wolf Pack,NEV,041e42,8a8d8f,away,45,FALSE,4,1,22,36,17,47,NA,16,69,11,16,0,12,8,1,0,0,0,12,34,0,24,24,16,s:40~l:54~t:16,Sacramento State,Hornets,00573C,cdb97d,65,6,32,12,NA,NA
401812774,2026,11/6/2025,16,s:40~l:54~t:16,Sacramento State,Hornets,SAC,00573C,cdb97d,home,65,TRUE,15,4,20,50,26,52,NA,19,58,7,12,23,6,12,3,1,26,6,23,26,1,19,19,2440,s:40~l:54~t:2440,Nevada,Wolf Pack,041e42,8a8d8f,45,12,40,25,NA,NA
401826596,2026,11/6/2025,2400,s:40~l:54~t:2400,Mississippi Valley State,Devilettes,MVSU,005328,cf2d34,away,50,FALSE,7,2,27,32,21,66,NA,25,38,3,8,0,14,9,1,0,25,5,20,41,0,35,35,2653,s:40~l:54~t:2653,Troy,Trojans,862633,b1b1b1,95,4,18,13,NA,NA
401826596,2026,11/6/2025,2653,s:40~l:54~t:2653,Troy,Trojans,TROY,862633,b1b1b1,home,95,TRUE,18,7,33,41,29,71,NA,20,76,29,38,47,20,23,0,0,36,8,22,53,0,23,23,2400,s:40~l:54~t:2400,Mississippi Valley State,Devilettes,005328,cf2d34,50,25,40,39,NA,NA
401817539,2026,11/6/2025,160,s:40~l:54~t:160,New Hampshire,Wildcats,UNH,004990,c3c4c6,away,57,FALSE,9,2,26,40,19,48,NA,15,68,13,19,3,6,5,0,0,33,6,18,32,0,17,17,103,s:40~l:54~t:103,Boston College,Eagles,8c2232,dbcca6,69,0,26,10,NA,NA
401817539,2026,11/6/2025,103,s:40~l:54~t:103,Boston College,Eagles,BC,8c2232,dbcca6,home,69,TRUE,12,2,25,38,21,56,NA,16,83,19,23,15,11,11,0,0,40,8,20,36,0,11,11,160,s:40~l:54~t:160,New Hampshire,Wildcats,004990,c3c4c6,57,20,26,16,NA,NA
401828539,2026,11/6/2025,339,s:40~l:54~t:339,Evansville,Purple Aces,EVAN,663399,ef6f00,away,66,FALSE,12,3,29,28,22,79,NA,19,67,14,21,8,19,6,0,0,26,8,31,48,0,21,21,2546,s:40~l:54~t:2546,Southeast Missouri State,Redhawks,c8102e,000000,71,15,24,9,NA,NA
401828539,2026,11/6/2025,2546,s:40~l:54~t:2546,Southeast Missouri State,Redhawks,SEMO,c8102e,000000,home,71,TRUE,9,6,29,40,26,65,NA,18,64,14,22,11,6,9,2,0,29,5,17,35,0,18,18,339,s:40~l:54~t:339,Evansville,Purple Aces,663399,ef6f00,66,14,36,18,NA,NA
401825131,2026,11/6/2025,2225,s:40~l:54~t:2225,Fisk,Bulldogs,FISK,000000,NA,away,42,FALSE,5,0,26,28,15,54,NA,14,52,11,21,0,11,6,3,0,13,1,8,37,0,23,23,2453,s:40~l:54~t:2453,North Alabama,Lions,000000,NA,75,5,22,13,NA,NA
401825131,2026,11/6/2025,2453,s:40~l:54~t:2453,North Alabama,Lions,UNA,000000,NA,home,75,TRUE,16,9,30,42,33,79,NA,20,60,3,5,36,21,8,0,0,19,6,32,51,0,17,17,2225,s:40~l:54~t:2225,Fisk,Bulldogs,000000,NA,42,13,46,27,NA,NA
401824313,2026,11/6/2025,2728,s:40~l:54~t:2728,Wiley,Wildcats,WILEY,000000,NA,away,55,FALSE,7,2,37,32,19,59,NA,29,63,15,24,0,14,10,2,1,11,2,19,51,1,30,30,2640,s:40~l:54~t:2640,Texas Southern,Tigers,860038,ffffff,69,8,32,20,NA,NA
401824313,2026,11/6/2025,2640,s:40~l:54~t:2640,Texas Southern,Tigers,TXSO,860038,ffffff,home,69,TRUE,12,6,30,30,22,74,NA,23,62,21,34,28,21,10,0,2,15,4,27,51,2,25,25,2728,s:40~l:54~t:2728,Wiley,Wildcats,000000,NA,55,14,24,27,NA,NA
401822284,2026,11/6/2025,2339,s:40~l:54~t:2339,Lincoln (PA),Lions,LNPA,000000,NA,away,47,FALSE,7,2,27,37,17,46,NA,26,56,10,18,3,11,8,0,0,23,3,13,38,0,33,33,2154,s:40~l:54~t:2154,Coppin State,Eagles,2e3192,ffd204,80,3,16,11,NA,NA
401822284,2026,11/6/2025,2154,s:40~l:54~t:2154,Coppin State,Eagles,COPP,2e3192,ffd204,home,80,TRUE,19,3,22,39,27,69,NA,18,64,21,33,36,18,22,0,0,17,5,30,40,0,11,11,2339,s:40~l:54~t:2339,Lincoln (PA),Lions,000000,NA,47,32,42,38,NA,NA
401819769,2026,11/6/2025,2065,s:40~l:54~t:2065,Bethune-Cookman,Wildcats,BCU,7b1831,e9aa12,away,41,FALSE,8,2,24,27,18,66,NA,25,33,2,6,0,15,5,1,0,16,3,19,39,0,16,16,2390,s:40~l:54~t:2390,Miami,Hurricanes,f47423,035131,74,6,16,2,NA,NA
401819769,2026,11/6/2025,2390,s:40~l:54~t:2390,Miami,Hurricanes,MIA,f47423,035131,home,74,TRUE,19,6,33,44,27,62,NA,14,68,15,22,33,13,6,0,0,22,5,23,46,0,14,14,2065,s:40~l:54~t:2065,Bethune-Cookman,Wildcats,7b1831,e9aa12,41,16,36,18,NA,NA
401812927,2026,11/6/2025,2515,s:40~l:54~t:2515,Radford,Highlanders,RAD,BC1515,c2c3c0,away,36,FALSE,10,1,16,22,12,54,NA,18,50,9,18,0,7,7,0,0,14,3,22,23,0,16,16,59,s:40~l:54~t:59,Georgia Tech,Yellow Jackets,b3a369,ffffff,82,0,10,2,NA,NA
401812927,2026,11/6/2025,59,s:40~l:54~t:59,Georgia Tech,Yellow Jackets,GT,b3a369,ffffff,home,82,TRUE,24,3,38,50,28,56,NA,18,74,23,31,47,13,7,0,0,19,3,16,51,0,14,14,2515,s:40~l:54~t:2515,Radford,Highlanders,BC1515,c2c3c0,36,14,40,18,NA,NA
401822794,2026,11/5/2025,265,s:40~l:54~t:265,Washington State,Cougars,WSU,a60f2d,4d4d4d,away,51,FALSE,13,7,22,38,21,56,NA,24,83,5,6,2,12,4,0,0,20,4,20,34,0,20,20,2439,s:40~l:54~t:2439,UNLV,Lady Rebels,cf0a2c,cac8c8,64,3,20,5,NA,NA
401822794,2026,11/5/2025,2439,s:40~l:54~t:2439,UNLV,Lady Rebels,UNLV,cf0a2c,cac8c8,home,64,TRUE,9,2,24,33,19,57,NA,14,83,24,29,15,18,9,0,0,18,2,11,42,0,12,12,265,s:40~l:54~t:265,Washington State,Cougars,a60f2d,4d4d4d,51,4,22,20,NA,NA
401829506,2026,11/5/2025,2465,s:40~l:54~t:2465,Northwest University,Eagles,NWWA,000000,NA,away,56,FALSE,10,2,27,32,21,65,NA,17,60,6,10,0,11,12,1,0,29,8,28,38,0,24,24,2547,s:40~l:54~t:2547,Seattle U,Redhawks,BF2E1A,c2c3c0,86,0,24,12,NA,NA
401829506,2026,11/5/2025,2547,s:40~l:54~t:2547,Seattle U,Redhawks,SEA,BF2E1A,c2c3c0,home,86,TRUE,18,0,33,47,35,75,NA,16,55,11,20,35,17,14,0,0,25,5,20,50,0,17,17,2465,s:40~l:54~t:2465,Northwest University,Eagles,000000,NA,56,15,58,28,NA,NA
401826636,2026,11/5/2025,324,s:40~l:54~t:324,Coastal Carolina,Chanticleers,CCU,006f71,a27752,away,57,FALSE,9,2,24,28,20,71,NA,25,56,10,18,2,19,12,0,0,19,7,36,43,0,27,27,252,s:40~l:54~t:252,BYU,Cougars,0047ba,002e5d,91,2,20,22,NA,NA
401826636,2026,11/5/2025,252,s:40~l:54~t:252,BYU,Cougars,BYU,0047ba,002e5d,home,91,TRUE,27,8,34,48,30,62,NA,18,72,21,29,36,12,18,1,0,28,10,36,46,0,25,25,324,s:40~l:54~t:324,Coastal Carolina,Chanticleers,006f71,a27752,57,27,38,36,NA,NA
401826100,2026,11/5/2025,3084,s:40~l:54~t:3084,Utah Valley,Wolverines,UVU,004812,e1c736,away,64,TRUE,18,4,18,43,25,58,NA,13,54,7,13,8,7,15,0,0,37,7,19,25,0,17,17,2351,s:40~l:54~t:2351,Loyola Marymount,Lions,880029,00345b,60,4,36,22,NA,NA
401826100,2026,11/5/2025,2351,s:40~l:54~t:2351,Loyola Marymount,Lions,LMU,880029,00345b,home,60,FALSE,17,2,28,44,22,50,NA,17,67,10,15,7,8,6,0,0,33,6,18,36,0,26,26,3084,s:40~l:54~t:3084,Utah Valley,Wolverines,004812,e1c736,64,4,24,14,NA,NA
401820508,2026,11/5/2025,357,s:40~l:54~t:357,Texas A&M-Corpus Christi,Islanders,AMCC,0067c5,007f3e,away,43,FALSE,11,5,25,33,14,43,NA,21,73,11,15,0,8,3,0,0,25,4,16,33,0,29,29,245,s:40~l:54~t:245,Texas A&M,Aggies,500000,ffffff,81,2,16,4,NA,NA
401820508,2026,11/5/2025,245,s:40~l:54~t:245,Texas A&M,Aggies,TA&M,500000,ffffff,home,81,TRUE,18,3,21,39,30,76,NA,16,52,12,23,38,29,21,0,0,33,9,27,50,0,11,11,357,s:40~l:54~t:357,Texas A&M-Corpus Christi,Islanders,0067c5,007f3e,43,23,40,34,NA,NA
401818657,2026,11/5/2025,85,s:40~l:54~t:85,IU Indianapolis,Jaguars,IUIN,A81F30,d59f0f,away,64,FALSE,10,1,25,32,21,65,NA,21,67,18,27,2,13,13,0,0,22,4,18,38,0,14,14,77,s:40~l:54~t:77,Northwestern,Wildcats,492f92,ffffff,67,9,34,24,NA,NA
401818657,2026,11/5/2025,77,s:40~l:54~t:77,Northwestern,Wildcats,NU,492f92,ffffff,home,67,TRUE,18,10,33,41,27,66,NA,23,53,8,15,9,15,4,0,0,20,5,25,48,0,19,19,85,s:40~l:54~t:85,IU Indianapolis,Jaguars,A81F30,d59f0f,64,8,32,13,NA,NA
401819924,2026,11/5/2025,2582,s:40~l:54~t:2582,Southern,Jaguars,SOU,004B97,ffc82d,away,58,FALSE,8,1,16,32,19,60,NA,25,68,17,25,0,11,10,1,0,43,3,7,27,0,15,15,66,s:40~l:54~t:66,Iowa State,Cyclones,ae192d,ffc72a,85,0,18,13,NA,NA
401819924,2026,11/5/2025,66,s:40~l:54~t:66,Iowa State,Cyclones,ISU,ae192d,ffc72a,home,85,TRUE,20,1,35,57,33,58,NA,17,74,14,19,32,9,5,0,0,29,5,17,44,0,16,16,2582,s:40~l:54~t:2582,Southern,Jaguars,004B97,ffc82d,58,3,38,21,NA,NA
401824188,2026,11/5/2025,2837,s:40~l:54~t:2837,East Texas A&M,Lions,ETAM,000000,NA,away,59,FALSE,9,2,15,43,23,53,NA,27,64,7,11,0,5,5,1,0,43,6,14,20,0,17,17,197,s:40~l:54~t:197,Oklahoma State,Cowgirls,fe5c00,000000,97,2,30,7,NA,NA
401824188,2026,11/5/2025,197,s:40~l:54~t:197,Oklahoma State,Cowgirls,OKST,fe5c00,000000,home,97,TRUE,17,2,26,48,31,65,NA,13,68,23,34,44,22,7,0,0,40,12,30,48,0,11,11,2837,s:40~l:54~t:2837,East Texas A&M,Lions,000000,NA,59,8,32,25,NA,NA
401828747,2026,11/5/2025,2310,s:40~l:54~t:2310,Kentucky State,Thorobreds,KYSU,000000,NA,away,33,FALSE,8,1,19,21,14,66,NA,22,29,2,7,0,20,12,3,0,12,3,25,39,0,29,29,98,s:40~l:54~t:98,Western Kentucky,Lady Toppers,e13a3e,ffffff,81,2,18,5,NA,NA
401828747,2026,11/5/2025,98,s:40~l:54~t:98,Western Kentucky,Lady Toppers,WKU,e13a3e,ffffff,home,81,TRUE,18,4,35,48,28,58,NA,14,60,15,25,51,15,12,2,0,40,10,25,50,0,22,22,2310,s:40~l:54~t:2310,Kentucky State,Thorobreds,000000,NA,33,13,34,38,NA,NA
401825943,2026,11/5/2025,140,s:40~l:54~t:140,Kansas City,Roos,KC,004b87,ffc72c,away,64,FALSE,13,2,24,38,23,61,NA,21,56,9,16,5,12,9,0,0,39,9,23,36,0,15,15,2305,s:40~l:54~t:2305,Kansas,Jayhawks,0051ba,e8000d,74,0,18,11,NA,NA
401825943,2026,11/5/2025,2305,s:40~l:54~t:2305,Kansas,Jayhawks,KU,0051ba,e8000d,home,74,TRUE,20,3,30,57,28,49,NA,19,43,9,21,16,6,6,0,0,43,9,21,36,0,18,18,140,s:40~l:54~t:140,Kansas City,Roos,004b87,ffc72c,64,13,34,15,NA,NA
401822813,2026,11/5/2025,2430,s:40~l:54~t:2430,UNC Greensboro,Spartans,UNCG,003559,ffd90a,away,40,FALSE,4,0,21,18,12,66,NA,15,90,9,10,2,13,7,2,0,23,7,31,34,0,14,14,2539,s:40~l:54~t:2539,San Francisco,Dons,005a36,ffffff,64,2,8,13,NA,NA
401822813,2026,11/5/2025,2539,s:40~l:54~t:2539,San Francisco,Dons,SF,005a36,ffffff,home,64,TRUE,17,3,40,44,25,57,NA,20,83,10,12,24,12,9,1,0,29,4,14,52,0,19,19,2430,s:40~l:54~t:2430,UNC Greensboro,Spartans,003559,ffd90a,40,10,42,16,NA,NA
401812564,2026,11/5/2025,2473,s:40~l:54~t:2473,Oakland,Golden Grizzlies,OAK,04091c,bc955c,away,68,FALSE,15,2,20,37,26,71,NA,10,63,5,8,1,11,10,0,0,38,11,29,31,0,9,9,275,s:40~l:54~t:275,Wisconsin,Badgers,a00000,ffffff,79,10,30,17,NA,NA
401812564,2026,11/5/2025,275,s:40~l:54~t:275,Wisconsin,Badgers,WIS,a00000,ffffff,home,79,TRUE,14,9,35,50,30,60,NA,16,79,11,14,22,13,6,1,0,33,8,24,48,0,18,18,2473,s:40~l:54~t:2473,Oakland,Golden Grizzlies,04091c,bc955c,68,11,34,14,NA,NA
401807942,2026,11/5/2025,2443,s:40~l:54~t:2443,New Orleans,Privateers,UNO,005da6,a2a9ae,away,60,FALSE,8,2,27,30,21,69,NA,18,53,9,17,0,18,12,0,0,36,9,25,45,0,22,22,202,s:40~l:54~t:202,Tulsa,Golden Hurricane,003595,d0b787,77,5,20,16,NA,NA
401807942,2026,11/5/2025,202,s:40~l:54~t:202,Tulsa,Golden Hurricane,TLSA,003595,d0b787,home,77,TRUE,19,6,32,41,29,71,NA,17,75,6,8,20,14,12,0,0,39,13,33,46,0,21,21,2443,s:40~l:54~t:2443,New Orleans,Privateers,005da6,a2a9ae,60,9,32,27,NA,NA
401812420,2026,11/5/2025,161,s:40~l:54~t:161,Fairleigh Dickinson,Knights,FDU,72293c,28334a,away,52,FALSE,9,7,16,37,23,62,NA,19,75,3,4,0,9,3,2,0,23,3,13,25,0,19,19,87,s:40~l:54~t:87,Notre Dame,Fighting Irish,062340,c99700,98,6,28,12,NA,NA
401812420,2026,11/5/2025,87,s:40~l:54~t:87,Notre Dame,Fighting Irish,ND,062340,c99700,home,98,TRUE,20,4,26,54,37,68,NA,11,75,15,20,48,15,11,1,0,53,9,17,41,0,8,8,161,s:40~l:54~t:161,Fairleigh Dickinson,Knights,72293c,28334a,52,27,42,32,NA,NA
401830462,2026,11/5/2025,130263,s:40~l:54~t:130263,Mississippi University For Women,Owls,MUW,NA,NA,away,56,FALSE,10,1,25,31,16,52,NA,14,83,20,24,0,8,10,7,0,22,4,18,33,0,29,29,2016,s:40~l:54~t:2016,Alcorn State,Lady Braves,4b0058,46166a,81,17,24,10,NA,NA
401830462,2026,11/5/2025,2016,s:40~l:54~t:2016,Alcorn State,Lady Braves,ALCN,4b0058,46166a,home,81,TRUE,25,7,30,44,33,75,NA,21,75,9,12,30,18,12,4,0,32,6,19,48,0,19,19,130263,s:40~l:54~t:130263,Mississippi University For Women,Owls,NA,NA,56,24,50,32,NA,NA
401830431,2026,11/5/2025,111998,s:40~l:54~t:111998,SUNY-New Paltz,Hawks,NYNP,NA,NA,away,46,FALSE,10,3,20,31,17,54,NA,24,53,8,15,0,11,7,2,1,22,4,18,31,1,28,28,2681,s:40~l:54~t:2681,Wagner,Seahawks,00483A,ffffff,88,5,20,11,NA,NA
401830431,2026,11/5/2025,2681,s:40~l:54~t:2681,Wagner,Seahawks,WAG,00483A,ffffff,home,88,TRUE,18,1,29,49,31,63,NA,22,73,22,30,42,15,17,1,0,25,4,16,44,0,18,18,111998,s:40~l:54~t:111998,SUNY-New Paltz,Hawks,NA,NA,46,15,48,29,NA,NA
401830089,2026,11/5/2025,571,s:40~l:54~t:571,Morris College,Hornets,MRRS,000000,NA,away,34,FALSE,6,1,23,22,12,55,NA,12,60,9,15,2,14,4,1,0,7,1,14,37,0,45,45,2569,s:40~l:54~t:2569,South Carolina State,Lady Bulldogs,7d1315,104897,102,5,16,4,NA,NA
401830089,2026,11/5/2025,2569,s:40~l:54~t:2569,South Carolina State,Lady Bulldogs,SCST,7d1315,104897,home,102,TRUE,28,0,24,47,42,89,NA,15,46,6,13,68,18,30,1,0,28,12,43,42,0,15,15,571,s:40~l:54~t:571,Morris College,Hornets,000000,NA,34,29,58,63,NA,NA
401828645,2026,11/5/2025,3111,s:40~l:54~t:3111,Apprentice School,Builders,APPR,000000,NA,away,21,FALSE,4,3,24,22,8,37,NA,17,67,4,6,0,6,5,4,0,10,1,10,30,0,48,48,2261,s:40~l:54~t:2261,Hampton,Lady Pirates,0067AC,NA,105,8,10,2,NA,NA
401828645,2026,11/5/2025,2261,s:40~l:54~t:2261,Hampton,Lady Pirates,HAMP,0067AC,NA,home,105,TRUE,26,3,24,52,45,87,NA,16,62,8,13,84,20,23,1,0,33,7,21,44,0,12,12,3111,s:40~l:54~t:3111,Apprentice School,Builders,000000,NA,21,40,62,49,NA,NA
401824970,2026,11/5/2025,124954,s:40~l:54~t:124954,Randolph College,Wildcats,RDPH,NA,NA,away,35,FALSE,7,3,21,25,14,57,NA,18,33,4,12,2,17,10,4,0,20,3,15,38,0,42,42,2344,s:40~l:54~t:2344,Longwood,Lancers,003273,9ea2a3,121,2,18,3,NA,NA
401824970,2026,11/5/2025,2344,s:40~l:54~t:2344,Longwood,Lancers,LONG,003273,9ea2a3,home,121,TRUE,28,3,30,54,47,87,NA,20,82,14,17,86,21,30,0,0,46,13,28,51,0,13,13,124954,s:40~l:54~t:124954,Randolph College,Wildcats,NA,NA,35,39,62,60,NA,NA
401824255,2026,11/5/2025,2625,s:40~l:54~t:2625,Talladega,Tornadoes,TLDG,000000,NA,away,32,FALSE,4,0,22,13,7,53,NA,31,61,17,28,1,11,9,4,0,7,1,14,33,0,27,27,2010,s:40~l:54~t:2010,Alabama A&M,Bulldogs,790000,ffffff,103,6,10,6,NA,NA
401824255,2026,11/5/2025,2010,s:40~l:54~t:2010,Alabama A&M,Bulldogs,AAMU,790000,ffffff,home,103,TRUE,16,3,41,50,33,66,NA,20,81,29,36,71,15,15,1,0,31,8,26,56,0,16,16,2625,s:40~l:54~t:2625,Talladega,Tornadoes,000000,NA,32,31,46,36,NA,NA
401819755,2026,11/5/2025,2217,s:40~l:54~t:2217,Fairfield,Stags,FAIR,000000,ebebeb,away,75,TRUE,12,1,27,43,23,54,NA,13,84,21,25,12,6,6,0,0,33,8,24,33,0,13,13,222,s:40~l:54~t:222,Villanova,Wildcats,00205b,13b5ea,63,5,30,19,NA,NA
401819755,2026,11/5/2025,222,s:40~l:54~t:222,Villanova,Wildcats,VILL,00205b,13b5ea,home,63,FALSE,15,4,26,42,24,57,NA,22,77,10,13,4,7,5,0,0,25,5,20,33,0,16,16,2217,s:40~l:54~t:2217,Fairfield,Stags,000000,ebebeb,75,6,30,9,NA,NA
401822135,2026,11/5/2025,2379,s:40~l:54~t:2379,Maryland Eastern Shore,Hawks,UMES,5c2301,b5b7ba,away,48,FALSE,10,4,24,35,18,51,NA,24,44,8,18,6,7,14,2,0,25,4,16,31,0,28,28,2670,s:40~l:54~t:2670,VCU,Rams,ffaf00,000000,62,8,18,24,NA,NA
401822135,2026,11/5/2025,2670,s:40~l:54~t:2670,VCU,Rams,VCU,ffaf00,000000,home,62,TRUE,12,3,31,36,18,50,NA,18,84,21,25,16,11,10,2,0,25,5,20,42,0,26,26,2379,s:40~l:54~t:2379,Maryland Eastern Shore,Hawks,5c2301,b5b7ba,48,22,22,19,NA,NA
401830946,2026,11/5/2025,131690,s:40~l:54~t:131690,Felician,Golden Falcons,FEU,NA,NA,away,55,FALSE,10,0,23,28,17,61,NA,26,80,20,25,3,16,11,0,1,8,1,12,39,1,20,20,2169,s:40~l:54~t:2169,Delaware State,Hornets,009cdb,d51c28,66,14,28,6,NA,NA
401830946,2026,11/5/2025,2169,s:40~l:54~t:2169,Delaware State,Hornets,DSU,009cdb,d51c28,home,66,TRUE,12,2,32,48,23,48,NA,26,47,16,34,16,12,9,2,0,29,4,14,44,0,21,21,131690,s:40~l:54~t:131690,Felician,Golden Falcons,NA,NA,55,14,34,15,NA,NA
401826059,2026,11/5/2025,301,s:40~l:54~t:301,San Diego,Toreros,USD,2f99d4,2f99d4,away,54,FALSE,7,3,19,32,19,59,NA,23,60,9,15,0,14,11,1,0,30,7,23,33,0,16,16,300,s:40~l:54~t:300,UC Irvine,Anteaters,002B5C,fec52e,72,9,20,20,NA,NA
401826059,2026,11/5/2025,300,s:40~l:54~t:300,UC Irvine,Anteaters,UCI,002B5C,fec52e,home,72,TRUE,16,2,27,41,20,49,NA,12,82,23,28,21,10,10,1,0,39,9,23,37,0,15,15,301,s:40~l:54~t:301,San Diego,Toreros,2f99d4,2f99d4,54,4,18,13,NA,NA
401829554,2026,11/5/2025,534,s:40~l:54~t:534,Harris-Stowe State,Hornets,HSSU,000000,NA,away,23,FALSE,5,3,19,17,10,60,NA,15,25,1,4,0,10,5,2,0,11,2,18,29,0,23,23,2815,s:40~l:54~t:2815,Lindenwood,Lions,000000,NA,107,8,8,2,NA,NA
401829554,2026,11/5/2025,2815,s:40~l:54~t:2815,Lindenwood,Lions,LIN,000000,NA,home,107,TRUE,31,7,40,51,38,75,NA,9,79,19,24,84,19,18,0,0,40,12,30,59,0,7,7,534,s:40~l:54~t:534,Harris-Stowe State,Hornets,000000,NA,23,28,46,33,NA,NA
401824231,2026,11/5/2025,2737,s:40~l:54~t:2737,Winthrop,Eagles,WIN,9e0b0e,fdb41e,away,54,FALSE,12,2,23,35,19,55,NA,15,52,15,29,6,16,12,1,0,7,1,14,39,0,15,15,2130,s:40~l:54~t:2130,Chicago State,Cougars,006700,NA,59,8,32,14,NA,NA
401824231,2026,11/5/2025,2130,s:40~l:54~t:2130,Chicago State,Cougars,CHST,006700,NA,home,59,TRUE,10,2,28,41,20,49,NA,22,76,13,17,11,9,5,2,0,35,6,17,37,0,21,21,2737,s:40~l:54~t:2737,Winthrop,Eagles,9e0b0e,fdb41e,54,3,20,14,NA,NA
401825137,2026,11/5/2025,2489,s:40~l:54~t:2489,Palm Beach Atlantic,Sailfish,PBA,000000,NA,away,67,FALSE,14,3,26,42,26,62,NA,18,50,6,12,12,13,5,1,0,32,9,28,39,0,13,13,2454,s:40~l:54~t:2454,North Florida,Ospreys,004B8D,babcbe,70,2,26,7,NA,NA
401825137,2026,11/5/2025,2454,s:40~l:54~t:2454,North Florida,Ospreys,UNF,004B8D,babcbe,home,70,TRUE,15,3,25,43,27,63,NA,14,64,9,14,5,13,3,1,0,32,7,22,38,0,10,10,2489,s:40~l:54~t:2489,Palm Beach Atlantic,Sailfish,000000,NA,67,13,38,10,NA,NA
401808076,2026,11/4/2025,2502,s:40~l:54~t:2502,Portland State,Vikings,PRST,00311e,ebebeb,away,63,FALSE,8,2,24,36,20,55,NA,22,71,20,28,0,14,4,0,0,19,3,16,38,0,17,17,62,s:40~l:54~t:62,Hawai'i,Rainbow Wahine,005737,000000,74,3,34,5,NA,NA
401808076,2026,11/4/2025,62,s:40~l:54~t:62,Hawai'i,Rainbow Wahine,HAW,005737,000000,home,74,TRUE,10,5,24,42,26,62,NA,22,62,18,29,11,14,10,0,0,29,4,14,38,0,11,11,2502,s:40~l:54~t:2502,Portland State,Vikings,00311e,ebebeb,63,8,42,14,NA,NA
401826672,2026,11/4/2025,166,s:40~l:54~t:166,New Mexico State,Aggies,NMSU,7e141b,231f20,away,48,FALSE,13,4,19,40,21,52,NA,29,50,4,8,1,5,8,4,0,29,2,7,24,0,24,24,30,s:40~l:54~t:30,USC,Trojans,9d2235,ffc72c,87,9,32,6,NA,NA
401826672,2026,11/4/2025,30,s:40~l:54~t:30,USC,Trojans,USC,9d2235,ffc72c,home,87,TRUE,19,4,29,41,27,66,NA,12,64,25,39,41,20,11,0,0,33,8,24,49,0,10,10,166,s:40~l:54~t:166,New Mexico State,Aggies,7e141b,231f20,48,9,30,24,NA,NA
401825926,2026,11/4/2025,2492,s:40~l:54~t:2492,Pepperdine,Waves,PEPP,003A72,dc762f,away,84,TRUE,24,5,33,62,29,47,NA,21,67,14,21,19,7,11,1,0,48,12,25,40,0,30,30,2239,s:40~l:54~t:2239,Cal State Fullerton,Titans,003767,ff8300,70,8,30,20,NA,NA
401825926,2026,11/4/2025,2239,s:40~l:54~t:2239,Cal State Fullerton,Titans,CSUF,003767,ff8300,home,70,FALSE,15,0,15,33,24,73,NA,24,67,14,21,0,20,20,0,0,31,8,26,35,0,18,18,2492,s:40~l:54~t:2492,Pepperdine,Waves,003A72,dc762f,84,17,26,24,NA,NA
401826686,2026,11/4/2025,108878,s:40~l:54~t:108878,Bethesda,Flames,BTHS,NA,NA,away,13,FALSE,4,2,13,9,4,44,NA,12,25,2,8,0,4,2,8,0,14,3,22,17,0,21,21,2463,s:40~l:54~t:2463,Cal State Northridge,Matadors,b50000,NA,103,0,0,0,NA,NA
401826686,2026,11/4/2025,2463,s:40~l:54~t:2463,Cal State Northridge,Matadors,CSUN,b50000,NA,home,103,TRUE,25,9,39,44,40,91,NA,11,64,9,14,90,40,11,0,0,30,14,47,79,0,8,8,108878,s:40~l:54~t:108878,Bethesda,Flames,NA,NA,13,38,52,31,NA,NA
401826076,2026,11/4/2025,2930,s:40~l:54~t:2930,Willamette,Bearcats,WLMT,960a2c,ab9e76,away,43,FALSE,13,2,13,31,17,55,NA,9,50,2,4,6,13,7,3,0,32,7,22,26,0,32,32,2501,s:40~l:54~t:2501,Portland,Pilots,330072,a8b3ba,95,3,18,5,NA,NA
401826076,2026,11/4/2025,2501,s:40~l:54~t:2501,Portland,Pilots,PORT,330072,a8b3ba,home,95,TRUE,23,8,24,64,43,67,NA,10,83,5,6,61,12,16,1,0,29,4,14,36,0,16,16,2930,s:40~l:54~t:2930,Willamette,Bearcats,960a2c,ab9e76,43,21,74,50,NA,NA
401825951,2026,11/4/2025,2104,s:40~l:54~t:2104,Carroll (MT),Fighting Saints,CRMT,000000,NA,away,41,FALSE,4,1,22,31,13,42,NA,12,83,10,12,0,7,8,6,0,29,5,17,29,0,37,37,147,s:40~l:54~t:147,Montana State,Bobcats,00205c,bc955c,93,7,16,7,NA,NA
401825951,2026,11/4/2025,147,s:40~l:54~t:147,Montana State,Bobcats,MTST,00205c,bc955c,home,93,TRUE,15,1,24,53,41,77,NA,14,86,6,7,52,15,20,0,0,31,5,16,39,0,14,14,2104,s:40~l:54~t:2104,Carroll (MT),Fighting Saints,000000,NA,41,22,68,46,NA,NA
401825775,2026,11/4/2025,2548,s:40~l:54~t:2548,Seattle Pacific,Falcons,SEAP,000000,NA,away,44,FALSE,3,2,26,26,15,58,NA,18,86,12,14,2,6,9,1,0,10,2,21,32,0,17,17,149,s:40~l:54~t:149,Montana,Lady Griz,751D4A,666666,81,2,24,8,NA,NA
401825775,2026,11/4/2025,149,s:40~l:54~t:149,Montana,Lady Griz,MONT,751D4A,666666,home,81,TRUE,10,1,38,43,26,60,NA,17,83,25,30,50,10,10,0,0,18,4,22,48,0,15,15,2548,s:40~l:54~t:2548,Seattle Pacific,Falcons,000000,NA,44,7,38,20,NA,NA
401828554,2026,11/4/2025,2608,s:40~l:54~t:2608,Saint Mary's,Gaels,SMC,d80024,003057,away,56,TRUE,7,3,22,46,19,41,NA,21,76,16,21,9,4,13,0,0,33,2,6,26,0,16,16,2751,s:40~l:54~t:2751,Wyoming,Cowgirls,492f24,ffc425,47,2,32,20,NA,NA
401828554,2026,11/4/2025,2751,s:40~l:54~t:2751,Wyoming,Cowgirls,WYO,492f24,ffc425,home,47,FALSE,9,1,22,34,15,44,NA,18,74,14,19,11,9,7,3,0,18,3,17,31,0,20,20,2608,s:40~l:54~t:2608,Saint Mary's,Gaels,d80024,003057,56,4,18,14,NA,NA
401817371,2026,11/4/2025,2277,s:40~l:54~t:2277,Houston Christian,Huskies,HCU,00539c,NA,away,55,FALSE,12,2,17,38,19,50,NA,21,64,9,14,0,9,8,0,0,30,8,27,26,0,33,33,99,s:40~l:54~t:99,LSU,Tigers,461d76,fdd023,108,5,18,10,NA,NA
401817371,2026,11/4/2025,99,s:40~l:54~t:99,LSU,Tigers,LSU,461d76,fdd023,home,108,TRUE,22,7,24,53,42,79,NA,21,74,17,23,53,21,23,0,0,54,7,13,45,0,16,16,2277,s:40~l:54~t:2277,Houston Christian,Huskies,00539c,NA,55,32,56,46,NA,NA
401829547,2026,11/4/2025,111214,s:40~l:54~t:111214,Westminster (MO),Blue Jays,WCMO,NA,NA,away,46,FALSE,6,5,16,38,21,55,NA,20,40,2,5,0,4,1,1,0,13,2,15,20,0,26,26,2710,s:40~l:54~t:2710,Western Illinois,Leathernecks,4e1e8a,ffc90a,116,0,14,4,NA,NA
401829547,2026,11/4/2025,2710,s:40~l:54~t:2710,Western Illinois,Leathernecks,WIU,4e1e8a,ffc90a,home,116,TRUE,14,0,30,54,44,81,NA,12,87,20,23,70,19,19,0,0,44,8,18,49,0,8,8,111214,s:40~l:54~t:111214,Westminster (MO),Blue Jays,NA,NA,46,19,44,38,NA,NA
401825986,2026,11/4/2025,155,s:40~l:54~t:155,North Dakota,Fighting Hawks,UND,00A26B,c2c3c0,away,47,FALSE,7,0,28,21,11,52,NA,17,79,19,24,1,8,3,2,0,19,6,31,36,0,21,21,135,s:40~l:54~t:135,Minnesota,Golden Gophers,5e0a2f,fab41c,91,3,8,4,NA,NA
401825986,2026,11/4/2025,135,s:40~l:54~t:135,Minnesota,Golden Gophers,MINN,5e0a2f,fab41c,home,91,TRUE,18,2,35,41,35,86,NA,23,88,14,16,44,23,12,0,0,27,7,26,58,0,7,7,155,s:40~l:54~t:155,North Dakota,Fighting Hawks,00A26B,c2c3c0,47,13,44,26,NA,NA
401825958,2026,11/4/2025,3141,s:40~l:54~t:3141,Northern New Mexico,Eagles,NNMC,NA,NA,away,31,FALSE,2,4,22,18,10,57,NA,17,56,10,18,0,13,6,3,0,7,1,15,35,0,26,26,2458,s:40~l:54~t:2458,Northern Colorado,Bears,13558D,ffc533,105,2,18,7,NA,NA
401825958,2026,11/4/2025,2458,s:40~l:54~t:2458,Northern Colorado,Bears,UNCO,13558D,ffc533,home,105,TRUE,25,6,37,43,36,83,NA,15,82,18,22,78,26,13,0,0,39,15,38,63,0,12,12,3141,s:40~l:54~t:3141,Northern New Mexico,Eagles,NA,NA,31,14,40,42,NA,NA
401822242,2026,11/4/2025,2692,s:40~l:54~t:2692,Weber State,Wildcats,WEB,18005a,ebebeb,away,58,FALSE,17,4,23,37,22,60,NA,12,83,10,12,2,11,4,0,0,15,4,27,34,0,12,12,36,s:40~l:54~t:36,Colorado State,Rams,004c23,c8c372,75,2,28,10,NA,NA
401822242,2026,11/4/2025,36,s:40~l:54~t:36,Colorado State,Rams,CSU,004c23,c8c372,home,75,TRUE,19,6,28,52,30,58,NA,12,71,10,14,18,7,8,1,0,28,5,18,35,0,10,10,2692,s:40~l:54~t:2692,Weber State,Wildcats,18005a,ebebeb,58,8,30,10,NA,NA
401824755,2026,11/4/2025,2348,s:40~l:54~t:2348,Louisiana Tech,Lady Techsters,LT,003087,cb333b,away,81,FALSE,12,2,25,43,31,72,NA,17,75,12,16,15,11,6,1,0,30,7,23,36,0,16,16,8,s:40~l:54~t:8,Arkansas,Razorbacks,a32136,ffffff,93,9,34,10,NA,NA
401824755,2026,11/4/2025,8,s:40~l:54~t:8,Arkansas,Razorbacks,ARK,a32136,ffffff,home,93,TRUE,21,8,31,45,33,74,NA,21,75,18,24,12,19,10,0,0,43,9,21,50,0,16,16,2348,s:40~l:54~t:2348,Louisiana Tech,Lady Techsters,003087,cb333b,81,16,40,26,NA,NA
401822209,2026,11/4/2025,250,s:40~l:54~t:250,UT Arlington,Mavericks,UTA,004b7c,f58024,away,59,FALSE,3,4,27,36,19,53,NA,25,77,20,26,5,14,16,2,0,20,1,5,41,0,35,35,248,s:40~l:54~t:248,Houston,Cougars,c8102e,ffffff,76,4,36,18,NA,NA
401822209,2026,11/4/2025,248,s:40~l:54~t:248,Houston,Cougars,HOU,c8102e,ffffff,home,76,TRUE,15,5,22,43,24,56,NA,20,69,27,39,22,10,19,0,0,7,1,14,32,0,23,23,250,s:40~l:54~t:250,UT Arlington,Mavericks,004b7c,f58024,59,19,38,31,NA,NA
401813871,2026,11/4/2025,2099,s:40~l:54~t:2099,Canisius,Golden Griffins,CAN,004a81,dda50f,away,40,FALSE,5,2,22,39,12,31,NA,20,57,12,21,0,7,3,2,0,44,4,9,29,0,45,45,130,s:40~l:54~t:130,Michigan,Wolverines,00274c,ffcb05,100,3,6,5,NA,NA
401813871,2026,11/4/2025,130,s:40~l:54~t:130,Michigan,Wolverines,MICH,00274c,ffcb05,home,100,TRUE,23,4,17,52,41,79,NA,22,62,13,21,60,19,25,0,0,28,5,18,36,0,10,10,2099,s:40~l:54~t:2099,Canisius,Golden Griffins,004a81,dda50f,40,36,70,53,NA,NA
401830076,2026,11/4/2025,2660,s:40~l:54~t:2660,UMass Boston,UMASS BOSTON,MBOS,000000,NA,away,46,FALSE,9,0,17,31,18,59,NA,21,75,9,12,0,11,10,1,0,8,1,12,28,0,27,27,2771,s:40~l:54~t:2771,Merrimack,Warriors,2f4f93,e8c535,97,2,20,8,NA,NA
401830076,2026,11/4/2025,2771,s:40~l:54~t:2771,Merrimack,Warriors,MRMK,2f4f93,e8c535,home,97,TRUE,21,5,29,50,35,70,NA,17,62,16,26,51,21,19,0,0,34,11,32,50,0,21,21,2660,s:40~l:54~t:2660,UMass Boston,UMASS BOSTON,000000,NA,46,26,42,38,NA,NA
401829309,2026,11/4/2025,224,s:40~l:54~t:224,Westminster (UT),Griffins,WUUT,000000,NA,away,47,FALSE,4,2,20,30,16,53,NA,19,74,14,19,0,8,2,1,0,7,1,14,28,0,21,21,304,s:40~l:54~t:304,Idaho State,Bengals,ef8c00,e9a126,99,2,18,5,NA,NA
401829309,2026,11/4/2025,304,s:40~l:54~t:304,Idaho State,Bengals,IDST,ef8c00,e9a126,home,99,TRUE,24,5,28,59,35,59,NA,19,63,19,30,55,7,17,0,0,63,10,16,35,0,5,5,224,s:40~l:54~t:224,Westminster (UT),Griffins,000000,NA,47,23,46,29,NA,NA
401825730,2026,11/4/2025,47,s:40~l:54~t:47,Howard,Bison,HOW,003a63,e51937,away,68,TRUE,11,6,21,37,25,67,NA,15,86,12,14,18,16,8,0,1,40,6,15,37,1,12,12,2507,s:40~l:54~t:2507,Providence,Friars,000000,a3a19e,56,4,28,26,NA,NA
401825730,2026,11/4/2025,2507,s:40~l:54~t:2507,Providence,Friars,PROV,000000,a3a19e,home,56,FALSE,8,3,27,38,21,55,NA,17,75,12,16,6,12,8,1,1,11,2,19,39,1,20,20,47,s:40~l:54~t:47,Howard,Bison,003a63,e51937,68,14,30,12,NA,NA
401825722,2026,11/4/2025,2612,s:40~l:54~t:2612,Saint Peter's,Peacocks,SPU,004CC2,NA,away,39,FALSE,6,3,19,27,15,56,NA,16,63,5,8,3,12,6,1,0,14,4,28,31,0,24,24,2550,s:40~l:54~t:2550,Seton Hall,Pirates,0857B1,8a8d8f,88,0,16,14,NA,NA
401825722,2026,11/4/2025,2550,s:40~l:54~t:2550,Seton Hall,Pirates,HALL,0857B1,8a8d8f,home,88,TRUE,21,3,31,49,34,70,NA,12,73,11,15,53,21,14,0,0,32,9,28,52,0,14,14,2612,s:40~l:54~t:2612,Saint Peter's,Peacocks,004CC2,NA,39,30,38,34,NA,NA
401825123,2026,11/4/2025,288,s:40~l:54~t:288,Lipscomb,Bisons,LIP,20366C,f6b734,away,46,FALSE,7,9,23,30,17,57,NA,10,73,8,11,0,7,5,1,0,17,4,23,30,0,18,18,84,s:40~l:54~t:84,Indiana,Hoosiers,970310,ffffff,80,0,24,9,NA,NA
401825123,2026,11/4/2025,84,s:40~l:54~t:84,Indiana,Hoosiers,IU,970310,ffffff,home,80,TRUE,11,3,32,50,33,66,NA,21,92,11,12,35,9,11,0,0,20,3,15,41,0,10,10,288,s:40~l:54~t:288,Lipscomb,Bisons,20366C,f6b734,46,23,56,22,NA,NA
401825049,2026,11/4/2025,2227,s:40~l:54~t:2227,Florida Memorial,FLORIDA MEMORIAL,FMU,000000,NA,away,46,FALSE,6,0,15,39,20,51,NA,20,60,3,5,6,2,7,1,0,20,3,15,17,0,16,16,2226,s:40~l:54~t:2226,Florida Atlantic,Owls,003366,cc0000,89,4,28,14,NA,NA
401825049,2026,11/4/2025,2226,s:40~l:54~t:2226,Florida Atlantic,Owls,FAU,003366,cc0000,home,89,TRUE,23,7,31,55,31,56,NA,11,70,16,23,43,14,5,1,0,50,11,22,45,0,15,15,2227,s:40~l:54~t:2227,Florida Memorial,FLORIDA MEMORIAL,000000,NA,46,29,40,24,NA,NA
401825009,2026,11/4/2025,223,s:40~l:54~t:223,West Chester,Golden Rams,WCHT,000000,NA,away,46,FALSE,11,2,23,35,16,46,NA,17,57,8,14,5,4,4,1,0,33,6,18,27,0,22,22,2603,s:40~l:54~t:2603,Saint Joseph's,Hawks,9e1b32,6c6f70,69,9,16,12,NA,NA
401825009,2026,11/4/2025,2603,s:40~l:54~t:2603,Saint Joseph's,Hawks,JOES,9e1b32,6c6f70,home,69,TRUE,20,2,28,37,25,68,NA,16,65,11,17,23,22,16,1,0,28,8,29,50,0,16,16,223,s:40~l:54~t:223,West Chester,Golden Rams,000000,NA,46,17,32,31,NA,NA
401824708,2026,11/4/2025,112702,s:40~l:54~t:112702,Frostburg State,Bobcats,FSTU,NA,NA,away,49,FALSE,13,1,19,36,19,53,NA,13,100,4,4,1,6,3,3,0,29,7,24,25,0,21,21,2335,s:40~l:54~t:2335,Liberty,Flames,0a254e,b72025,78,2,12,14,NA,NA
401824708,2026,11/4/2025,2335,s:40~l:54~t:2335,Liberty,Flames,LIB,0a254e,b72025,home,78,TRUE,19,4,25,43,29,68,NA,13,75,12,16,29,21,7,0,0,27,8,30,46,0,12,12,112702,s:40~l:54~t:112702,Frostburg State,Bobcats,NA,NA,49,9,40,26,NA,NA
401824223,2026,11/4/2025,546,s:40~l:54~t:546,Judson University,Eagles,JUDU,000000,NA,away,33,FALSE,4,0,21,25,12,48,NA,16,80,8,10,0,8,4,3,0,7,1,15,29,0,29,29,71,s:40~l:54~t:71,Bradley,Braves,b70002,c0c0c0,94,4,16,4,NA,NA
401824223,2026,11/4/2025,71,s:40~l:54~t:71,Bradley,Braves,BRAD,b70002,c0c0c0,home,94,TRUE,21,4,28,53,34,64,NA,15,65,13,20,65,12,16,0,0,39,13,33,40,0,10,10,546,s:40~l:54~t:546,Judson University,Eagles,000000,NA,33,17,36,41,NA,NA
401823668,2026,11/4/2025,2415,s:40~l:54~t:2415,Morgan State,Lady Bears,MORG,014786,f47937,away,36,FALSE,8,1,16,21,12,56,NA,19,80,8,10,0,11,8,0,0,22,4,18,27,0,20,20,258,s:40~l:54~t:258,Virginia,Cavaliers,f84c1e,232d4b,86,7,12,11,NA,NA
401823668,2026,11/4/2025,258,s:40~l:54~t:258,Virginia,Cavaliers,UVA,f84c1e,232d4b,home,86,TRUE,18,12,35,46,32,70,NA,10,88,15,17,50,23,12,0,0,24,7,29,58,0,16,16,2415,s:40~l:54~t:2415,Morgan State,Lady Bears,014786,f47937,36,19,46,22,NA,NA
401822226,2026,11/4/2025,2674,s:40~l:54~t:2674,Valparaiso,Beacons,VAL,794500,NA,away,54,FALSE,11,3,31,37,18,49,NA,12,71,12,17,2,7,7,2,0,32,6,19,38,0,35,35,305,s:40~l:54~t:305,DePaul,Blue Demons,2d649c,ce1125,92,11,20,7,NA,NA
401822226,2026,11/4/2025,305,s:40~l:54~t:305,DePaul,Blue Demons,DEP,2d649c,ce1125,home,92,TRUE,26,7,27,44,39,88,NA,15,38,3,8,40,18,21,0,0,44,11,25,45,0,10,10,2674,s:40~l:54~t:2674,Valparaiso,Beacons,794500,NA,54,27,48,28,NA,NA
401820298,2026,11/4/2025,2619,s:40~l:54~t:2619,Stony Brook,Seawolves,STBK,990000,NA,away,50,FALSE,11,3,18,30,18,60,NA,17,57,8,14,0,9,11,2,0,40,6,15,27,0,20,20,183,s:40~l:54~t:183,Syracuse,Orange,000e54,ff431b,74,9,24,14,NA,NA
401820298,2026,11/4/2025,183,s:40~l:54~t:183,Syracuse,Orange,SYR,000e54,ff431b,home,74,TRUE,15,6,36,49,32,65,NA,18,75,9,12,24,16,10,2,0,8,1,12,52,0,22,22,2619,s:40~l:54~t:2619,Stony Brook,Seawolves,990000,NA,50,17,54,20,NA,NA
401818783,2026,11/4/2025,2560,s:40~l:54~t:2560,Shorter,Hawks,SHOU,000000,NA,away,36,FALSE,7,3,16,24,11,45,NA,16,63,10,16,0,12,6,6,0,27,4,15,28,0,26,26,338,s:40~l:54~t:338,Kennesaw State,Owls,fdbb30,0b1315,85,4,8,8,NA,NA
401818783,2026,11/4/2025,338,s:40~l:54~t:338,Kennesaw State,Owls,KENN,fdbb30,0b1315,home,85,TRUE,14,3,22,52,32,62,NA,15,68,13,19,49,16,12,1,0,53,8,15,38,0,12,12,2560,s:40~l:54~t:2560,Shorter,Hawks,000000,NA,36,23,42,37,NA,NA
401818616,2026,11/4/2025,2546,s:40~l:54~t:2546,Southeast Missouri State,Redhawks,SEMO,c8102e,000000,away,67,FALSE,9,1,20,35,20,57,NA,28,71,24,34,0,11,7,0,0,25,3,12,31,0,17,17,356,s:40~l:54~t:356,Illinois,Fighting Illini,ff5f05,13294b,91,11,24,11,NA,NA
401818616,2026,11/4/2025,356,s:40~l:54~t:356,Illinois,Fighting Illini,ILL,ff5f05,13294b,home,91,TRUE,19,3,28,53,31,59,NA,30,78,25,32,30,11,6,0,0,36,4,11,39,0,16,16,2546,s:40~l:54~t:2546,Southeast Missouri State,Redhawks,c8102e,000000,67,19,44,21,NA,NA
401825822,2026,11/4/2025,2385,s:40~l:54~t:2385,Mercyhurst,Lakers,MERC,000000,NA,away,39,FALSE,8,0,15,34,12,35,NA,20,90,9,10,0,3,0,6,0,30,6,20,18,0,36,36,127,s:40~l:54~t:127,Michigan State,Spartans,173f35,ffffff,125,0,10,0,NA,NA
401825822,2026,11/4/2025,127,s:40~l:54~t:127,Michigan State,Spartans,MSU,173f35,ffffff,home,125,TRUE,33,6,20,62,49,79,NA,11,70,14,20,86,19,24,1,0,46,13,28,39,0,3,3,2385,s:40~l:54~t:2385,Mercyhurst,Lakers,000000,NA,39,50,70,62,NA,NA
401827883,2026,11/4/2025,2329,s:40~l:54~t:2329,Lehigh,Mountain Hawks,LEH,6c2b2a,b69e70,away,88,TRUE,20,3,19,49,31,63,NA,21,68,17,25,13,13,7,1,0,38,9,24,32,0,14,14,2132,s:40~l:54~t:2132,Cincinnati,Bearcats,000000,e00122,85,7,44,19,NA,NA
401827883,2026,11/4/2025,2132,s:40~l:54~t:2132,Cincinnati,Bearcats,CIN,000000,e00122,home,85,FALSE,18,4,24,46,27,59,NA,27,77,20,26,4,11,4,1,0,55,11,20,35,0,17,17,2329,s:40~l:54~t:2329,Lehigh,Mountain Hawks,6c2b2a,b69e70,88,10,28,21,NA,NA
401822235,2026,11/4/2025,2441,s:40~l:54~t:2441,New Haven,Chargers,NHVN,041e42,ffc425,away,46,FALSE,14,2,24,33,18,54,NA,21,67,4,6,1,15,12,1,0,24,6,25,39,0,27,27,2752,s:40~l:54~t:2752,Xavier,Musketeers,21304e,a5a7a8,53,4,20,11,NA,NA
401822235,2026,11/4/2025,2752,s:40~l:54~t:2752,Xavier,Musketeers,XAV,21304e,a5a7a8,home,53,TRUE,13,7,22,35,18,52,NA,10,89,16,18,18,10,12,0,0,7,1,14,32,0,18,18,2441,s:40~l:54~t:2441,New Haven,Chargers,041e42,ffc425,46,5,24,25,NA,NA
401813893,2026,11/4/2025,2368,s:40~l:54~t:2368,Marist,Red Foxes,MRST,e53730,f0f0f0,away,46,FALSE,10,3,12,31,16,52,NA,19,63,5,8,0,10,8,1,0,47,9,19,22,0,17,17,399,s:40~l:54~t:399,UAlbany,Great Danes,3D2777,ffffff,74,3,8,16,0,0
401813893,2026,11/4/2025,399,s:40~l:54~t:399,UAlbany,Great Danes,UALB,3D2777,ffffff,home,74,TRUE,22,6,24,56,30,54,NA,14,71,5,7,36,9,6,1,0,43,9,21,33,0,15,15,2368,s:40~l:54~t:2368,Marist,Red Foxes,e53730,f0f0f0,46,9,38,20,0,0
401813906,2026,11/4/2025,116,s:40~l:54~t:116,Mount St. Mary's,Mountaineers,MSM,005596,ebebeb,away,49,FALSE,5,5,26,36,19,53,NA,20,62,8,13,0,4,7,2,0,18,3,17,30,0,17,17,257,s:40~l:54~t:257,Richmond,Spiders,9e0712,b90b2e,83,9,30,7,NA,NA
401813906,2026,11/4/2025,257,s:40~l:54~t:257,Richmond,Spiders,RICH,9e0712,b90b2e,home,83,TRUE,22,2,33,44,28,63,NA,16,63,12,19,38,12,8,2,0,39,15,38,45,0,12,12,116,s:40~l:54~t:116,Mount St. Mary's,Mountaineers,005596,ebebeb,49,7,24,21,NA,NA
401825759,2026,11/4/2025,2142,s:40~l:54~t:2142,Colgate,Raiders,COLG,821019,ffffff,away,53,TRUE,9,5,33,33,18,55,NA,19,67,12,18,10,12,5,0,0,25,5,20,45,0,19,19,2561,s:40~l:54~t:2561,Siena,Saints,037961,eea60f,43,4,18,12,NA,NA
401825759,2026,11/4/2025,2561,s:40~l:54~t:2561,Siena,Saints,SIE,037961,eea60f,home,43,FALSE,7,3,25,25,15,60,NA,22,69,11,16,3,11,7,1,0,11,2,19,36,0,15,15,2142,s:40~l:54~t:2142,Colgate,Raiders,821019,ffffff,53,4,24,14,NA,NA
401825033,2026,11/4/2025,131682,s:40~l:54~t:131682,Dean,Bulldogs,DEAN,NA,NA,away,31,FALSE,4,0,13,23,11,47,NA,16,50,5,10,0,8,1,0,0,24,4,17,21,0,34,34,261,s:40~l:54~t:261,Vermont,Catamounts,154734,ffc72c,137,1,8,3,NA,NA
401825033,2026,11/4/2025,261,s:40~l:54~t:261,Vermont,Catamounts,UVM,154734,ffc72c,home,137,TRUE,30,9,30,68,56,82,NA,8,75,12,16,106,15,21,0,0,52,13,25,45,0,5,5,131682,s:40~l:54~t:131682,Dean,Bulldogs,NA,NA,31,32,80,60,NA,NA
401819778,2026,11/4/2025,2182,s:40~l:54~t:2182,Drexel,Dragons,DREX,020260,ffd65a,away,68,TRUE,16,2,32,42,25,60,NA,9,76,13,17,8,12,2,1,0,36,5,14,44,0,12,12,221,s:40~l:54~t:221,Pittsburgh,Panthers,003594,ffb81c,60,7,34,12,NA,NA
401819778,2026,11/4/2025,221,s:40~l:54~t:221,Pittsburgh,Panthers,PITT,003594,ffb81c,home,60,FALSE,10,2,25,36,25,69,NA,17,71,5,7,5,13,4,0,0,28,5,18,38,0,10,10,2182,s:40~l:54~t:2182,Drexel,Dragons,020260,ffd65a,68,10,32,13,NA,NA
401819741,2026,11/4/2025,119,s:40~l:54~t:119,Towson,Tigers,TOW,FFC229,NA,away,56,FALSE,9,6,23,31,20,65,NA,29,52,12,23,1,8,5,0,0,27,4,15,31,0,17,17,259,s:40~l:54~t:259,Virginia Tech,Hokies,6a2c3e,cf4520,100,2,20,7,0,0
401819741,2026,11/4/2025,259,s:40~l:54~t:259,Virginia Tech,Hokies,VT,6a2c3e,cf4520,home,100,TRUE,22,5,41,49,37,76,NA,19,77,23,30,44,18,10,0,0,33,3,9,59,0,14,14,119,s:40~l:54~t:119,Towson,Tigers,FFC229,NA,56,19,58,20,0,0
401817381,2026,11/4/2025,97,s:40~l:54~t:97,Louisville,Cardinals,LOU,c9001f,ffffff,away,66,FALSE,11,1,31,34,22,64,NA,14,82,14,17,0,12,3,0,0,33,8,24,43,0,12,12,41,s:40~l:54~t:41,UConn,Huskies,0c2340,a2aaad,79,10,18,13,NA,NA
401817381,2026,11/4/2025,41,s:40~l:54~t:41,UConn,Huskies,CONN,0c2340,a2aaad,home,79,TRUE,17,2,32,45,35,78,NA,16,63,5,8,28,15,8,1,0,15,4,26,47,0,8,8,97,s:40~l:54~t:97,Louisville,Cardinals,c9001f,ffffff,66,15,50,16,NA,NA
401817573,2026,11/4/2025,2633,s:40~l:54~t:2633,Tennessee,Lady Volunteers,TENN,ff8200,ffffff,away,77,FALSE,14,4,32,39,30,77,NA,23,57,8,14,10,16,6,0,1,27,9,33,48,1,11,11,152,s:40~l:54~t:152,NC State,Wolfpack,cc0000,ffffff,80,6,38,16,NA,NA
401817573,2026,11/4/2025,152,s:40~l:54~t:152,NC State,Wolfpack,NCSU,cc0000,ffffff,home,80,TRUE,16,5,33,39,30,76,NA,10,71,15,21,8,15,7,0,0,29,5,17,48,0,10,10,2633,s:40~l:54~t:2633,Tennessee,Lady Volunteers,ff8200,ffffff,77,12,38,9,NA,NA
401830618,2026,11/4/2025,2332,s:40~l:54~t:2332,Lewis,Flyers,LEWIS,000000,NA,away,53,FALSE,5,1,26,32,19,60,NA,20,59,13,22,8,14,9,0,0,12,2,17,40,0,17,17,79,s:40~l:54~t:79,Southern Illinois,Salukis,85283D,c2c3c0,69,5,34,8,NA,NA
401830618,2026,11/4/2025,79,s:40~l:54~t:79,Southern Illinois,Salukis,SIU,85283D,c2c3c0,home,69,TRUE,17,3,32,40,25,63,NA,19,62,13,21,16,15,12,0,0,43,6,14,47,0,16,16,2332,s:40~l:54~t:2332,Lewis,Flyers,000000,NA,53,16,36,21,NA,NA
401823653,2026,11/4/2025,2755,s:40~l:54~t:2755,Grambling,Lady Tigers,GRAM,ee8601,ffd10a,away,70,FALSE,13,4,17,34,27,80,NA,29,73,11,15,0,25,10,0,0,21,5,24,42,0,21,21,2567,s:40~l:54~t:2567,SMU,Mustangs,a80000,0033a1,96,8,32,18,NA,NA
401823653,2026,11/4/2025,2567,s:40~l:54~t:2567,SMU,Mustangs,SMU,a80000,0033a1,home,96,TRUE,17,7,30,50,29,58,NA,18,76,28,37,35,16,13,1,0,43,10,23,46,0,23,23,2755,s:40~l:54~t:2755,Grambling,Lady Tigers,ee8601,ffd10a,70,26,36,29,NA,NA
401826690,2026,11/3/2025,3078,s:40~l:54~t:3078,Jessup,Warriors,JSP,000000,NA,away,35,FALSE,4,1,24,17,10,60,NA,12,57,12,21,2,10,8,1,0,17,3,18,34,0,9,9,302,s:40~l:54~t:302,UC Davis,Aggies,002855,c3c4c6,72,2,12,3,NA,NA
401826690,2026,11/3/2025,302,s:40~l:54~t:302,UC Davis,Aggies,UCD,002855,c3c4c6,home,72,TRUE,16,8,43,41,28,69,NA,14,78,7,9,37,14,7,0,0,26,9,34,57,0,11,11,3078,s:40~l:54~t:3078,Jessup,Warriors,000000,NA,35,2,38,4,NA,NA
401822217,2026,11/3/2025,26,s:40~l:54~t:26,UCLA,Bruins,UCLA,2774ae,f2a900,away,77,TRUE,21,9,34,48,32,66,NA,10,86,6,7,29,15,5,1,0,26,7,27,49,0,13,13,21,s:40~l:54~t:21,San Diego State,Aztecs,a6192e,000000,53,10,48,11,NA,NA
401822217,2026,11/3/2025,21,s:40~l:54~t:21,San Diego State,Aztecs,SDSU,a6192e,000000,home,53,FALSE,13,3,17,34,21,62,NA,9,33,1,3,0,8,6,0,0,40,10,25,25,0,10,10,26,s:40~l:54~t:26,UCLA,Bruins,2774ae,f2a900,77,3,20,16,NA,NA
401819603,2026,11/3/2025,2430,s:40~l:54~t:2430,UNC Greensboro,Spartans,UNCG,003559,ffd90a,away,42,FALSE,4,0,15,26,15,58,NA,19,67,6,9,0,8,7,1,0,23,6,26,23,0,14,14,24,s:40~l:54~t:24,Stanford,Cardinal,8c1515,ffffff,87,2,12,10,NA,NA
401819603,2026,11/3/2025,24,s:40~l:54~t:24,Stanford,Cardinal,STAN,8c1515,ffffff,home,87,TRUE,15,4,33,57,33,58,NA,11,88,14,16,48,11,7,0,0,47,7,15,44,0,13,13,2430,s:40~l:54~t:2430,UNC Greensboro,Spartans,003559,ffd90a,42,15,44,16,NA,NA
401827898,2026,11/3/2025,3182,s:40~l:54~t:3182,Cal State San Marcos,Cougars,CSSM,NA,NA,away,53,FALSE,7,2,29,34,19,56,NA,20,100,6,6,3,10,4,3,0,32,9,28,39,0,17,17,2440,s:40~l:54~t:2440,Nevada,Wolf Pack,041e42,8a8d8f,70,2,14,4,NA,NA
401827898,2026,11/3/2025,2440,s:40~l:54~t:2440,Nevada,Wolf Pack,NEV,041e42,8a8d8f,home,70,TRUE,13,3,27,36,26,73,NA,8,65,15,23,19,23,9,0,0,21,3,14,50,0,7,7,3182,s:40~l:54~t:3182,Cal State San Marcos,Cougars,NA,NA,53,13,44,13,NA,NA
401822252,2026,11/3/2025,3084,s:40~l:54~t:3084,Utah Valley,Wolverines,UVU,004812,e1c736,away,66,TRUE,16,0,36,42,25,60,NA,20,56,10,18,29,8,17,0,0,38,6,16,44,0,25,25,2934,s:40~l:54~t:2934,Cal State Bakersfield,Roadrunners,003BAB,NA,42,11,32,27,NA,NA
401822252,2026,11/3/2025,2934,s:40~l:54~t:2934,Cal State Bakersfield,Roadrunners,CSUB,003BAB,NA,home,42,FALSE,9,5,29,25,15,59,NA,23,56,9,16,7,11,12,0,0,14,3,21,40,0,31,31,3084,s:40~l:54~t:3084,Utah Valley,Wolverines,004812,e1c736,66,9,20,19,NA,NA
401812773,2026,11/3/2025,130215,s:40~l:54~t:130215,Stanton,Elks,STN,NA,NA,away,39,FALSE,8,0,9,34,14,41,NA,16,40,2,5,1,5,7,6,0,38,9,24,14,0,44,44,16,s:40~l:54~t:16,Sacramento State,Hornets,00573C,cdb97d,124,1,4,9,NA,NA
401812773,2026,11/3/2025,16,s:40~l:54~t:16,Sacramento State,Hornets,SAC,00573C,cdb97d,home,124,TRUE,33,5,24,60,52,86,NA,11,59,13,22,87,29,26,0,0,30,7,23,53,0,15,15,130215,s:40~l:54~t:130215,Stanton,Elks,NA,NA,39,23,86,64,NA,NA
401830367,2026,11/3/2025,498,s:40~l:54~t:498,UC Santa Cruz,Banana Slugs,UCSCRZ,NA,NA,away,27,FALSE,5,5,23,20,8,40,NA,15,60,9,15,0,8,4,5,1,13,2,15,31,1,38,38,13,s:40~l:54~t:13,Cal Poly,Mustangs,1E4D2B,eed897,87,6,12,5,NA,NA
401830367,2026,11/3/2025,13,s:40~l:54~t:13,Cal Poly,Mustangs,CP,1E4D2B,eed897,home,87,TRUE,16,3,28,49,38,77,NA,16,60,9,15,60,19,20,0,0,18,2,11,47,0,14,14,498,s:40~l:54~t:498,UC Santa Cruz,Banana Slugs,NA,NA,27,20,64,46,NA,NA
401830363,2026,11/3/2025,2863,s:40~l:54~t:2863,Cal State Monterey Bay,Otters,CSMB,000000,NA,away,44,FALSE,6,3,21,30,15,50,NA,14,56,10,18,2,15,10,2,0,24,4,17,36,0,26,26,2540,s:40~l:54~t:2540,UC Santa Barbara,Gauchos,1e1840,febc11,80,6,14,14,NA,NA
401830363,2026,11/3/2025,2540,s:40~l:54~t:2540,UC Santa Barbara,Gauchos,UCSB,1e1840,febc11,home,80,TRUE,19,7,23,51,31,61,NA,16,53,8,15,43,14,12,1,0,43,10,23,37,0,18,18,2863,s:40~l:54~t:2863,Cal State Monterey Bay,Otters,000000,NA,44,11,36,22,NA,NA
401826092,2026,11/3/2025,28,s:40~l:54~t:28,UC San Diego,Tritons,UCSD,000000,ffcd00,away,66,FALSE,10,2,17,34,23,67,NA,16,76,16,21,3,12,16,0,0,16,4,25,29,0,9,9,279,s:40~l:54~t:279,Pacific,Tigers,F47820,c2c3c0,69,4,34,26,NA,NA
401826092,2026,11/3/2025,279,s:40~l:54~t:279,Pacific,Tigers,PAC,F47820,c2c3c0,home,69,TRUE,15,5,35,48,26,54,NA,21,45,5,11,11,11,3,3,0,43,12,28,46,0,25,25,28,s:40~l:54~t:28,UC San Diego,Tritons,000000,ffcd00,66,6,20,7,NA,NA
401826058,2026,11/3/2025,108878,s:40~l:54~t:108878,Bethesda,Flames,BTHS,NA,NA,away,23,FALSE,5,1,14,17,7,41,NA,6,57,4,7,0,1,1,10,0,28,5,18,15,0,18,18,301,s:40~l:54~t:301,San Diego,Toreros,2f99d4,2f99d4,92,0,2,3,NA,NA
401826058,2026,11/3/2025,301,s:40~l:54~t:301,San Diego,Toreros,USD,2f99d4,2f99d4,home,92,TRUE,24,5,34,51,38,75,NA,6,44,4,9,70,25,6,0,0,34,12,35,59,0,7,7,108878,s:40~l:54~t:108878,Bethesda,Flames,NA,NA,23,34,52,40,NA,NA
401825794,2026,11/3/2025,2464,s:40~l:54~t:2464,Northern Arizona,Lumberjacks,NAU,003976,1b3069,away,59,FALSE,11,3,23,33,19,58,NA,17,63,12,19,2,10,6,0,0,33,9,27,33,0,17,17,167,s:40~l:54~t:167,New Mexico,Lobos,ba0c2f,a7a8aa,77,5,12,10,NA,NA
401825794,2026,11/3/2025,167,s:40~l:54~t:167,New Mexico,Lobos,UNM,ba0c2f,a7a8aa,home,77,TRUE,18,3,31,52,28,54,NA,21,57,13,23,19,8,14,0,0,38,8,21,39,0,15,15,2464,s:40~l:54~t:2464,Northern Arizona,Lumberjacks,003976,1b3069,59,21,34,20,NA,NA
401822802,2026,11/3/2025,2616,s:40~l:54~t:2616,Stanislaus State,Warriors,CSUS,000000,NA,away,52,FALSE,10,4,26,30,20,66,NA,22,71,10,14,0,12,3,3,0,18,2,11,38,0,22,22,2541,s:40~l:54~t:2541,Santa Clara,Broncos,690b0b,101010,108,4,26,9,NA,NA
401822802,2026,11/3/2025,2541,s:40~l:54~t:2541,Santa Clara,Broncos,SCU,690b0b,101010,home,108,TRUE,31,8,35,45,38,85,NA,17,57,17,30,64,26,9,0,0,35,15,43,61,0,11,11,2616,s:40~l:54~t:2616,Stanislaus State,Warriors,000000,NA,52,51,44,27,NA,NA
401818674,2026,11/3/2025,2698,s:40~l:54~t:2698,West Georgia,Wolves,WGA,0033a1,db1a21,away,59,FALSE,9,3,26,42,18,43,NA,7,83,15,18,0,6,3,1,0,42,8,19,32,0,32,32,2483,s:40~l:54~t:2483,Oregon,Ducks,00934b,fff41b,100,3,18,10,NA,NA
401818674,2026,11/3/2025,2483,s:40~l:54~t:2483,Oregon,Ducks,ORE,00934b,fff41b,home,100,TRUE,30,5,20,49,43,88,NA,17,80,4,5,47,18,24,0,0,28,10,36,38,0,6,6,2698,s:40~l:54~t:2698,West Georgia,Wolves,0033a1,db1a21,59,32,54,41,NA,NA
401808016,2026,11/3/2025,2465,s:40~l:54~t:2465,Northwest University,Eagles,NWWA,000000,NA,away,43,FALSE,8,2,22,29,16,55,NA,11,75,6,8,2,6,7,0,0,20,5,25,28,0,22,22,331,s:40~l:54~t:331,Eastern Washington,Eagles,a10022,abb4bc,99,6,22,7,NA,NA
401808016,2026,11/3/2025,331,s:40~l:54~t:331,Eastern Washington,Eagles,EWU,a10022,abb4bc,home,99,TRUE,20,6,33,51,39,76,NA,8,90,9,10,56,16,13,0,0,48,12,25,49,0,11,11,2465,s:40~l:54~t:2465,Northwest University,Eagles,000000,NA,43,19,48,25,NA,NA
401826138,2026,11/3/2025,116420,s:40~l:54~t:116420,Park University Gilbert,Buccaneers,PUGB,NA,NA,away,55,FALSE,6,0,18,30,20,67,NA,28,67,6,9,1,14,4,1,0,26,9,35,32,0,22,22,253,s:40~l:54~t:253,Southern Utah,Thunderbirds,c72026,000000,103,10,18,4,NA,NA
401826138,2026,11/3/2025,253,s:40~l:54~t:253,Southern Utah,Thunderbirds,SUU,c72026,000000,home,103,TRUE,20,4,34,52,34,66,NA,15,69,24,35,48,17,10,1,0,50,11,22,51,0,14,14,116420,s:40~l:54~t:116420,Park University Gilbert,Buccaneers,NA,NA,55,20,46,31,NA,NA
401822283,2026,11/3/2025,2154,s:40~l:54~t:2154,Coppin State,Eagles,COPP,2e3192,ffd204,away,53,FALSE,13,2,22,45,18,40,NA,19,45,10,22,7,9,8,2,0,50,7,14,31,0,33,33,9,s:40~l:54~t:9,Arizona State,Sun Devils,ffc627,8c1d40,67,6,18,15,NA,NA
401822283,2026,11/3/2025,9,s:40~l:54~t:9,Arizona State,Sun Devils,ASU,ffc627,8c1d40,home,67,TRUE,18,5,18,41,26,63,NA,23,72,13,18,14,18,19,1,0,11,2,19,36,0,23,23,2154,s:40~l:54~t:2154,Coppin State,Eagles,2e3192,ffd204,53,11,36,37,NA,NA
401809048,2026,11/3/2025,2916,s:40~l:54~t:2916,Incarnate Word,Cardinals,UIW,000000,080808,away,51,FALSE,2,1,16,28,13,47,NA,17,69,22,32,0,7,2,3,0,18,3,17,23,0,25,25,251,s:40~l:54~t:251,Texas,Longhorns,af5c37,ffffff,123,0,14,7,NA,NA
401809048,2026,11/3/2025,251,s:40~l:54~t:251,Texas,Longhorns,TEX,af5c37,ffffff,home,123,TRUE,16,5,32,65,51,78,NA,28,82,14,17,72,14,13,0,0,41,7,17,46,0,11,11,2916,s:40~l:54~t:2916,Incarnate Word,Cardinals,000000,080808,51,15,66,36,NA,NA
401829551,2026,11/3/2025,3079,s:40~l:54~t:3079,Central Baptist,Mustangs,CNTB,000000,NA,away,41,FALSE,10,4,26,40,14,35,NA,22,60,6,10,7,3,1,4,0,41,7,17,29,0,38,38,2031,s:40~l:54~t:2031,Little Rock,Trojans,AD0000,898d8f,99,1,12,2,NA,NA
401829551,2026,11/3/2025,2031,s:40~l:54~t:2031,Little Rock,Trojans,LR,AD0000,898d8f,home,99,TRUE,17,3,19,44,35,80,NA,18,79,23,29,58,23,23,2,0,29,6,21,42,0,7,7,3079,s:40~l:54~t:3079,Central Baptist,Mustangs,000000,NA,41,37,52,60,NA,NA
401828533,2026,11/3/2025,2880,s:40~l:54~t:2880,Missouri Baptist,Spartans,MOBU,000000,NA,away,47,FALSE,6,0,18,35,18,52,NA,20,64,7,11,0,9,7,1,0,25,4,16,27,0,25,25,2565,s:40~l:54~t:2565,SIU Edwardsville,Cougars,eb1c23,080808,96,0,24,11,NA,NA
401828533,2026,11/3/2025,2565,s:40~l:54~t:2565,SIU Edwardsville,Cougars,SIUE,eb1c23,080808,home,96,TRUE,16,2,25,51,35,69,NA,12,76,16,21,52,16,12,1,0,43,10,23,41,0,12,12,2880,s:40~l:54~t:2880,Missouri Baptist,Spartans,000000,NA,47,19,44,35,NA,NA
401827853,2026,11/3/2025,2235,s:40~l:54~t:2235,Fresno Pacific,Sunbirds,FPU,000000,NA,away,38,FALSE,1,2,16,22,11,49,NA,18,75,15,20,0,13,9,5,0,6,1,17,29,0,37,37,278,s:40~l:54~t:278,Fresno State,Bulldogs,b1102b,13284c,87,6,16,9,NA,NA
401827853,2026,11/3/2025,278,s:40~l:54~t:278,Fresno State,Bulldogs,FRES,b1102b,13284c,home,87,TRUE,17,1,26,45,35,78,NA,23,80,12,15,51,26,22,3,0,28,5,18,52,0,26,26,2235,s:40~l:54~t:2235,Fresno Pacific,Sunbirds,000000,NA,38,17,56,40,NA,NA
401827249,2026,11/3/2025,2005,s:40~l:54~t:2005,Air Force,Falcons,AF,003594,ffffff,away,59,TRUE,11,1,18,41,24,59,NA,13,63,5,8,9,12,10,0,0,35,6,17,30,0,15,15,2172,s:40~l:54~t:2172,Denver,Pioneers,98002e,a8996e,50,6,30,14,NA,NA
401827249,2026,11/3/2025,2172,s:40~l:54~t:2172,Denver,Pioneers,DEN,98002e,a8996e,home,50,FALSE,9,4,25,43,20,47,NA,14,88,7,8,7,9,7,1,0,33,3,9,34,0,24,24,2005,s:40~l:54~t:2005,Air Force,Falcons,003594,ffffff,59,16,30,15,NA,NA
401826676,2026,11/3/2025,2547,s:40~l:54~t:2547,Seattle U,Redhawks,SEA,BF2E1A,c2c3c0,away,43,FALSE,7,4,18,28,17,60,NA,20,71,5,7,0,13,4,0,0,20,4,20,31,0,21,21,264,s:40~l:54~t:264,Washington,Huskies,33006f,e8d3a2,90,0,22,9,NA,NA
401826676,2026,11/3/2025,264,s:40~l:54~t:264,Washington,Huskies,WASH,33006f,e8d3a2,home,90,TRUE,19,9,28,52,35,67,NA,9,58,14,24,48,19,11,0,0,38,6,16,47,0,11,11,2547,s:40~l:54~t:2547,Seattle U,Redhawks,BF2E1A,c2c3c0,43,23,58,22,NA,NA
401826599,2026,11/3/2025,195,s:40~l:54~t:195,Ohio,Bobcats,OHIO,154734,ffffff,away,72,TRUE,13,3,16,43,23,54,NA,17,68,19,28,13,14,17,0,0,25,7,28,30,0,23,23,326,s:40~l:54~t:326,Texas State,Bobcats,501214,6a5638,66,20,30,28,NA,NA
401826599,2026,11/3/2025,326,s:40~l:54~t:326,Texas State,Bobcats,TXST,501214,6a5638,home,66,FALSE,13,2,20,48,24,50,NA,30,64,7,11,5,12,10,1,0,48,11,23,32,0,34,34,195,s:40~l:54~t:195,Ohio,Bobcats,154734,ffffff,72,2,18,26,NA,NA
401826145,2026,11/3/2025,27,s:40~l:54~t:27,UC Riverside,Highlanders,UCR,14234F,NA,away,53,FALSE,10,4,38,29,19,65,NA,14,50,6,12,8,9,2,1,0,36,9,25,47,0,14,14,2856,s:40~l:54~t:2856,California Baptist,Lancers,000000,NA,56,5,18,10,NA,NA
401826145,2026,11/3/2025,2856,s:40~l:54~t:2856,California Baptist,Lancers,CBU,000000,NA,home,56,TRUE,11,10,42,25,17,69,NA,18,67,16,24,7,18,11,0,0,20,6,30,60,0,12,12,27,s:40~l:54~t:27,UC Riverside,Highlanders,14234F,NA,53,13,20,13,NA,NA
401826129,2026,11/3/2025,2544,s:40~l:54~t:2544,Schreiner,Mountaineers,SCHRE,000000,NA,away,35,FALSE,6,2,20,23,12,53,NA,15,58,7,12,0,11,6,3,0,20,4,20,31,0,31,31,2627,s:40~l:54~t:2627,Tarleton State,Texans,000000,NA,90,3,8,1,NA,NA
401826129,2026,11/3/2025,2627,s:40~l:54~t:2627,Tarleton State,Texans,TAR,000000,NA,home,90,TRUE,17,6,31,45,33,74,NA,17,88,15,17,55,22,17,0,0,32,9,28,53,0,17,17,2544,s:40~l:54~t:2544,Schreiner,Mountaineers,000000,NA,35,15,48,28,NA,NA
401820859,2026,11/3/2025,2050,s:40~l:54~t:2050,Ball State,Cardinals,BALL,ba0c2f,ffffff,away,68,TRUE,16,5,45,45,21,47,NA,26,68,19,28,14,7,8,1,0,32,7,22,52,0,35,35,2032,s:40~l:54~t:2032,Arkansas State,Red Wolves,cc092f,000000,66,13,24,9,NA,NA
401820859,2026,11/3/2025,2032,s:40~l:54~t:2032,Arkansas State,Red Wolves,ARST,cc092f,000000,home,66,FALSE,7,0,25,31,22,72,NA,26,51,18,35,8,14,16,0,0,14,4,29,39,0,15,15,2050,s:40~l:54~t:2050,Ball State,Cardinals,ba0c2f,ffffff,68,11,36,26,NA,NA
401820053,2026,11/3/2025,2006,s:40~l:54~t:2006,Akron,Zips,AKR,041e42,c5b783,away,63,FALSE,10,1,22,41,24,58,NA,18,75,9,12,0,11,5,2,0,27,6,22,33,0,21,21,6,s:40~l:54~t:6,South Alabama,Jaguars,00205b,bf0d3e,87,5,32,14,NA,NA
401820053,2026,11/3/2025,6,s:40~l:54~t:6,South Alabama,Jaguars,USA,00205b,bf0d3e,home,87,TRUE,21,4,24,47,36,76,NA,16,70,7,10,38,19,11,0,0,36,8,22,43,0,12,12,2006,s:40~l:54~t:2006,Akron,Zips,041e42,c5b783,63,4,50,27,NA,NA
401818626,2026,11/3/2025,2582,s:40~l:54~t:2582,Southern,Jaguars,SOU,004B97,ffc82d,away,51,FALSE,9,4,13,32,18,56,NA,29,47,8,17,3,8,16,0,0,30,7,23,21,0,21,21,2294,s:40~l:54~t:2294,Iowa,Hawkeyes,231f20,fcd116,86,4,16,14,NA,NA
401818626,2026,11/3/2025,2294,s:40~l:54~t:2294,Iowa,Hawkeyes,IOWA,231f20,fcd116,home,86,TRUE,22,5,34,52,30,58,NA,17,79,22,28,42,18,10,3,0,22,4,18,52,0,24,24,2582,s:40~l:54~t:2582,Southern,Jaguars,004B97,ffc82d,51,15,48,25,NA,NA
401807941,2026,11/3/2025,2443,s:40~l:54~t:2443,New Orleans,Privateers,UNO,005da6,a2a9ae,away,48,FALSE,5,0,11,35,19,55,NA,20,58,7,12,2,7,10,1,0,20,3,15,18,0,24,24,197,s:40~l:54~t:197,Oklahoma State,Cowgirls,fe5c00,000000,109,10,26,9,NA,NA
401807941,2026,11/3/2025,197,s:40~l:54~t:197,Oklahoma State,Cowgirls,OKST,fe5c00,000000,home,109,TRUE,29,6,31,55,41,75,NA,11,83,10,12,61,23,14,1,0,43,17,40,54,0,21,21,2443,s:40~l:54~t:2443,New Orleans,Privateers,005da6,a2a9ae,48,25,42,27,NA,NA
401838847,2026,11/3/2025,18,s:40~l:54~t:18,Bridgewater State,Bears,BRIS,bf2f38,000000,away,38,FALSE,5,3,26,30,13,43,NA,13,53,9,17,1,4,5,1,0,18,3,17,30,0,30,30,284,s:40~l:54~t:284,Stonehill,Skyhawks,000000,NA,83,3,14,7,0,3
401838847,2026,11/3/2025,284,s:40~l:54~t:284,Stonehill,Skyhawks,STO,000000,NA,home,83,TRUE,12,0,31,48,33,69,NA,18,83,10,12,45,12,14,2,0,32,7,22,43,0,13,13,18,s:40~l:54~t:18,Bridgewater State,Bears,bf2f38,000000,38,6,38,35,0,95
401829536,2026,11/3/2025,2199,s:40~l:54~t:2199,Eastern Michigan,Eagles,EMU,006938,ffffff,away,71,FALSE,13,0,18,39,22,57,NA,20,83,20,24,4,11,6,0,0,30,7,23,29,0,18,18,2433,s:40~l:54~t:2433,UL Monroe,Warhawks,840029,fdb913,80,0,18,11,NA,NA
401829536,2026,11/3/2025,2433,s:40~l:54~t:2433,UL Monroe,Warhawks,ULM,840029,fdb913,home,80,TRUE,13,3,24,48,30,62,NA,25,75,15,20,17,13,8,0,0,33,5,15,37,0,12,12,2199,s:40~l:54~t:2199,Eastern Michigan,Eagles,006938,ffffff,71,6,30,14,NA,NA
401827275,2026,11/3/2025,2610,s:40~l:54~t:2610,St. Mary's (TX),Rattlers,SMTX,000000,NA,away,46,FALSE,10,3,25,31,16,52,NA,19,53,9,17,6,10,3,0,1,25,5,20,35,1,19,19,292,s:40~l:54~t:292,UT Rio Grande Valley,Vaqueros,dc6000,e1732d,64,4,16,11,NA,NA
401827275,2026,11/3/2025,292,s:40~l:54~t:292,UT Rio Grande Valley,Vaqueros,RGV,dc6000,e1732d,home,64,TRUE,19,1,30,38,23,60,NA,22,73,11,15,19,15,7,0,0,28,7,25,45,0,16,16,2610,s:40~l:54~t:2610,St. Mary's (TX),Rattlers,000000,NA,46,9,28,16,NA,NA
401822856,2026,11/3/2025,2437,s:40~l:54~t:2437,Omaha,Mavericks,OMA,e3193e,474648,away,35,FALSE,8,1,16,26,12,47,NA,14,64,7,11,0,8,6,2,0,27,4,15,24,0,30,30,2306,s:40~l:54~t:2306,Kansas State,Wildcats,330a57,e2e3e4,100,0,14,2,NA,NA
401822856,2026,11/3/2025,2306,s:40~l:54~t:2306,Kansas State,Wildcats,KSU,330a57,e2e3e4,home,100,TRUE,25,2,28,55,40,73,NA,18,71,10,14,65,17,19,0,0,31,10,32,45,0,11,11,2437,s:40~l:54~t:2437,Omaha,Mavericks,e3193e,474648,35,36,48,38,NA,NA
401822823,2026,11/3/2025,139,s:40~l:54~t:139,Saint Louis,Billikens,SLU,00539C,ebebeb,away,66,FALSE,8,5,19,45,29,65,NA,25,29,6,21,4,14,7,0,0,33,2,6,33,0,15,15,2623,s:40~l:54~t:2623,Missouri State,Lady Bears,5e0009,ffffff,70,4,40,14,NA,NA
401822823,2026,11/3/2025,2623,s:40~l:54~t:2623,Missouri State,Lady Bears,MOST,5e0009,ffffff,home,70,TRUE,8,3,27,39,24,61,NA,18,56,19,34,8,19,10,1,0,27,3,11,46,0,14,14,139,s:40~l:54~t:139,Saint Louis,Billikens,00539C,ebebeb,66,8,28,12,NA,NA
401822271,2026,11/3/2025,2166,s:40~l:54~t:2166,Davidson,Wildcats,DAV,000000,e51837,away,57,FALSE,11,1,19,35,18,52,NA,21,85,17,20,7,8,10,0,0,29,4,14,27,0,17,17,344,s:40~l:54~t:344,Mississippi State,Bulldogs,5d1725,c1c6c8,66,2,26,15,NA,NA
401822271,2026,11/3/2025,344,s:40~l:54~t:344,Mississippi State,Bulldogs,MSST,5d1725,c1c6c8,home,66,TRUE,6,7,28,41,21,51,NA,20,68,21,31,10,14,10,1,0,33,3,9,42,0,18,18,2166,s:40~l:54~t:2166,Davidson,Wildcats,000000,e51837,57,6,28,18,NA,NA
401820133,2026,11/3/2025,2168,s:40~l:54~t:2168,Dayton,Flyers,DAY,004B8D,ffffff,away,76,FALSE,14,4,17,53,30,57,NA,19,60,9,15,2,10,5,0,0,41,7,17,27,0,15,15,2287,s:40~l:54~t:2287,Illinois State,Redbirds,CE1126,ffe716,87,6,42,17,NA,NA
401820133,2026,11/3/2025,2287,s:40~l:54~t:2287,Illinois State,Redbirds,ILST,CE1126,ffe716,home,87,TRUE,24,2,22,51,35,68,NA,14,75,12,16,22,18,10,1,0,19,5,26,40,0,12,12,2168,s:40~l:54~t:2168,Dayton,Flyers,004B8D,ffffff,76,10,54,26,NA,NA
401817405,2026,11/3/2025,2110,s:40~l:54~t:2110,Central Arkansas,Sugar Bears,CARK,a7a9ac,8e959a,away,71,FALSE,9,1,25,41,28,69,NA,30,58,7,12,2,10,6,0,0,26,8,31,35,0,7,7,142,s:40~l:54~t:142,Missouri,Tigers,f1b82d,000000,78,0,32,9,NA,NA
401817405,2026,11/3/2025,142,s:40~l:54~t:142,Missouri,Tigers,MIZ,f1b82d,000000,home,78,TRUE,8,2,35,43,20,46,NA,13,73,33,45,9,8,5,0,0,28,5,18,43,0,13,13,2110,s:40~l:54~t:2110,Central Arkansas,Sugar Bears,a7a9ac,8e959a,71,9,28,5,NA,NA
401811123,2026,11/3/2025,2253,s:40~l:54~t:2253,Grand Canyon,Lopes,GCU,522398,ffffff,away,54,FALSE,6,3,19,27,17,62,NA,26,76,13,17,0,12,3,2,0,21,7,34,31,0,17,17,2579,s:40~l:54~t:2579,South Carolina,Gamecocks,73000a,000000,94,2,18,10,NA,NA
401811123,2026,11/3/2025,2579,s:40~l:54~t:2579,South Carolina,Gamecocks,SC,73000a,000000,home,94,TRUE,19,6,33,60,34,57,NA,21,68,17,25,41,5,6,0,0,47,9,19,38,0,11,11,2253,s:40~l:54~t:2253,Grand Canyon,Lopes,522398,ffffff,54,32,40,22,NA,NA
401818636,2026,11/3/2025,2352,s:40~l:54~t:2352,Loyola Maryland,Greyhounds,L-MD,76a7a0,c9cbca,away,26,FALSE,6,1,17,20,9,45,NA,16,67,4,6,1,8,5,0,0,21,4,19,25,0,29,29,120,s:40~l:54~t:120,Maryland,Terrapins,ce1126,ffffff,80,3,10,6,NA,NA
401818636,2026,11/3/2025,120,s:40~l:54~t:120,Maryland,Terrapins,MD,ce1126,ffffff,home,80,TRUE,20,3,29,51,27,53,NA,11,76,16,21,57,10,18,1,0,48,10,21,39,0,18,18,2352,s:40~l:54~t:2352,Loyola Maryland,Greyhounds,76a7a0,c9cbca,26,14,32,35,NA,NA
401831280,2026,11/3/2025,511,s:40~l:54~t:511,Cumberland (KY),Patriots,CUMB,000000,NA,away,67,FALSE,8,7,26,32,16,50,NA,26,64,32,50,0,13,5,0,0,27,3,11,39,0,20,20,2635,s:40~l:54~t:2635,Tennessee Tech,Golden Eagles,5A4099,ffde00,92,10,22,11,NA,NA
401831280,2026,11/3/2025,2635,s:40~l:54~t:2635,Tennessee Tech,Golden Eagles,TNTC,5A4099,ffde00,home,92,TRUE,14,1,26,49,30,61,NA,33,67,22,33,30,8,5,0,0,45,10,22,34,0,13,13,511,s:40~l:54~t:511,Cumberland (KY),Patriots,000000,NA,67,11,36,24,NA,NA
401829295,2026,11/3/2025,123358,s:40~l:54~t:123358,Transylvania,Pioneers,TRNS,NA,NA,away,41,FALSE,7,1,23,26,14,53,NA,7,69,9,13,7,6,5,3,0,17,4,24,29,0,22,22,2198,s:40~l:54~t:2198,Eastern Kentucky,Colonels,660819,f0f0f0,95,0,18,5,NA,NA
401829295,2026,11/3/2025,2198,s:40~l:54~t:2198,Eastern Kentucky,Colonels,EKU,660819,f0f0f0,home,95,TRUE,25,3,35,57,37,65,NA,19,80,8,10,60,7,14,0,0,50,13,26,42,0,13,13,123358,s:40~l:54~t:123358,Transylvania,Pioneers,NA,NA,41,34,44,23,NA,NA
401828582,2026,11/3/2025,2743,s:40~l:54~t:2743,Wisconsin Stevens Point,Pointers,UWSP,000000,NA,away,37,FALSE,5,2,23,24,15,62,NA,25,18,2,11,0,8,9,2,0,20,5,25,31,0,11,11,2739,s:40~l:54~t:2739,Green Bay,Phoenix,006633,ffffff,85,4,16,5,NA,NA
401828582,2026,11/3/2025,2739,s:40~l:54~t:2739,Green Bay,Phoenix,GB,006633,ffffff,home,85,TRUE,27,3,42,53,31,58,NA,11,62,16,26,52,10,7,0,0,39,7,18,52,0,11,11,2743,s:40~l:54~t:2743,Wisconsin Stevens Point,Pointers,000000,NA,37,13,46,10,NA,NA
401828569,2026,11/3/2025,121698,s:40~l:54~t:121698,Chestnut Hill,Griffins,CHC,NA,NA,away,42,FALSE,11,1,16,27,14,51,NA,20,60,9,15,0,9,10,1,0,28,5,18,25,0,26,26,2405,s:40~l:54~t:2405,Monmouth,Hawks,051844,NA,81,4,12,10,NA,NA
401828569,2026,11/3/2025,2405,s:40~l:54~t:2405,Monmouth,Hawks,MONM,051844,NA,home,81,TRUE,17,6,31,47,33,70,NA,13,59,10,17,39,23,15,1,0,20,5,25,54,0,21,21,121698,s:40~l:54~t:121698,Chestnut Hill,Griffins,NA,NA,42,17,54,31,NA,NA
401828549,2026,11/3/2025,2233,s:40~l:54~t:2233,Franklin,Grizzlies,FRKL,1b295b,fdd106,away,45,FALSE,6,1,21,36,16,45,NA,24,56,10,18,4,8,11,0,0,25,3,12,29,0,34,34,88,s:40~l:54~t:88,Southern Indiana,Screaming Eagles,000000,NA,85,7,12,17,NA,NA
401828549,2026,11/3/2025,88,s:40~l:54~t:88,Southern Indiana,Screaming Eagles,USI,000000,NA,home,85,TRUE,19,6,24,51,32,63,NA,20,65,15,23,42,14,21,1,0,27,6,22,38,0,20,20,2233,s:40~l:54~t:2233,Franklin,Grizzlies,1b295b,fdd106,45,15,46,46,NA,NA
401827476,2026,11/3/2025,2822,s:40~l:54~t:2822,North Greenville,Crusaders,NGU,d91e39,000000,away,27,FALSE,7,1,22,18,12,67,NA,20,20,1,5,0,19,3,0,0,11,2,19,41,0,27,27,231,s:40~l:54~t:231,Furman,Paladins,582c83,ffffff,85,4,18,4,NA,NA
401827476,2026,11/3/2025,231,s:40~l:54~t:231,Furman,Paladins,FUR,582c83,ffffff,home,85,TRUE,18,2,38,46,32,69,NA,17,55,17,31,63,17,15,1,0,25,4,16,55,0,13,13,2822,s:40~l:54~t:2822,North Greenville,Crusaders,d91e39,000000,27,20,52,28,NA,NA
401827454,2026,11/3/2025,451,s:40~l:54~t:451,Converse,CONVERSE,CVU,000000,NA,away,65,FALSE,6,0,19,30,17,57,NA,25,75,24,32,0,4,6,0,0,21,7,34,23,0,19,19,2747,s:40~l:54~t:2747,Wofford,Terriers,533B24,f0f0f0,126,9,20,14,NA,NA
401827454,2026,11/3/2025,2747,s:40~l:54~t:2747,Wofford,Terriers,WOF,533B24,f0f0f0,home,126,TRUE,19,5,41,59,48,82,NA,25,75,21,28,65,18,9,1,0,43,9,21,59,0,13,13,451,s:40~l:54~t:451,Converse,CONVERSE,000000,NA,65,13,68,23,NA,NA
401827283,2026,11/3/2025,2447,s:40~l:54~t:2447,Nicholls,Colonels,NICH,C41230,f0f0f0,away,72,TRUE,15,2,26,52,26,50,NA,18,68,13,19,16,5,4,1,0,39,7,18,31,0,16,16,2016,s:40~l:54~t:2016,Alcorn State,Lady Braves,4b0058,46166a,66,16,28,17,NA,NA
401827283,2026,11/3/2025,2016,s:40~l:54~t:2016,Alcorn State,Lady Braves,ALCN,4b0058,46166a,home,66,FALSE,12,1,21,45,26,58,NA,20,38,6,16,0,11,7,1,0,47,8,17,32,0,18,18,2447,s:40~l:54~t:2447,Nicholls,Colonels,C41230,f0f0f0,72,21,32,23,NA,NA
401827191,2026,11/3/2025,2449,s:40~l:54~t:2449,North Dakota State,Bison,NDSU,01402A,ffffff,away,63,TRUE,8,6,32,34,20,59,NA,23,73,16,22,15,13,10,0,0,25,7,28,45,0,11,11,2460,s:40~l:54~t:2460,Northern Iowa,Panthers,473282,ffffff,49,3,22,12,NA,NA
401827191,2026,11/3/2025,2460,s:40~l:54~t:2460,Northern Iowa,Panthers,UNI,473282,ffffff,home,49,FALSE,7,7,29,31,16,52,NA,22,52,14,27,3,11,3,1,0,33,3,9,40,0,17,17,2449,s:40~l:54~t:2449,North Dakota State,Bison,01402A,ffffff,63,3,24,10,NA,NA
401826604,2026,11/3/2025,2459,s:40~l:54~t:2459,Northern Illinois,Huskies,NIU,c8102e,000000,away,56,FALSE,10,3,28,38,19,50,NA,13,76,13,17,0,5,5,1,0,26,5,19,33,0,18,18,2572,s:40~l:54~t:2572,Southern Miss,Lady Eagles,ffc72c,231f20,77,2,26,5,NA,NA
401826604,2026,11/3/2025,2572,s:40~l:54~t:2572,Southern Miss,Lady Eagles,USM,ffc72c,231f20,home,77,TRUE,18,4,29,39,28,71,NA,14,100,9,9,23,15,8,0,0,52,12,23,44,0,10,10,2459,s:40~l:54~t:2459,Northern Illinois,Huskies,c8102e,000000,56,15,26,18,NA,NA
401825726,2026,11/3/2025,322,s:40~l:54~t:322,Lafayette,Leopards,LAF,790000,a59474,away,38,FALSE,7,5,28,25,12,48,NA,13,83,10,12,0,6,4,1,0,40,4,10,34,0,22,22,222,s:40~l:54~t:222,Villanova,Wildcats,00205b,13b5ea,70,7,14,6,NA,NA
401825726,2026,11/3/2025,222,s:40~l:54~t:222,Villanova,Wildcats,VILL,00205b,13b5ea,home,70,TRUE,20,4,31,39,28,71,NA,20,50,2,4,36,13,11,1,0,36,12,33,44,0,13,13,322,s:40~l:54~t:322,Lafayette,Leopards,790000,a59474,38,10,24,20,NA,NA
401825713,2026,11/3/2025,2571,s:40~l:54~t:2571,South Dakota State,Jackrabbits,SDST,0033a0,ffd100,away,78,TRUE,13,7,35,53,32,60,NA,13,89,8,9,16,4,5,1,0,46,6,13,39,0,9,9,156,s:40~l:54~t:156,Creighton,Bluejays,005ca9,6cadde,62,7,44,9,NA,NA
401825713,2026,11/3/2025,156,s:40~l:54~t:156,Creighton,Bluejays,CREI,005ca9,6cadde,home,62,FALSE,15,1,25,33,23,69,NA,14,80,8,10,3,12,6,0,0,28,8,29,37,0,6,6,2571,s:40~l:54~t:2571,South Dakota State,Jackrabbits,0033a0,ffd100,78,2,28,6,NA,NA
401825179,2026,11/3/2025,2304,s:40~l:54~t:2304,Johnson C Smith,Golden Bulls,JCSU,000000,NA,away,26,FALSE,2,3,21,22,11,51,NA,18,60,3,5,0,12,5,3,0,7,1,14,33,0,30,30,2272,s:40~l:54~t:2272,High Point,Panthers,330072,ffffff,84,0,14,3,NA,NA
401825179,2026,11/3/2025,2272,s:40~l:54~t:2272,High Point,Panthers,HPU,330072,ffffff,home,84,TRUE,15,3,29,49,31,63,NA,6,58,15,26,58,16,14,1,0,33,7,21,45,0,9,9,2304,s:40~l:54~t:2304,Johnson C Smith,Golden Bulls,000000,NA,26,29,46,40,NA,NA
401825141,2026,11/3/2025,2241,s:40~l:54~t:2241,Gardner-Webb,Runnin' Bulldogs,GWEB,c12535,909090,away,47,FALSE,10,2,15,27,15,56,NA,17,59,13,22,1,13,13,1,0,22,4,18,28,0,17,17,2511,s:40~l:54~t:2511,Queens University,Royals,192C66,857040,58,7,16,16,NA,NA
401825141,2026,11/3/2025,2511,s:40~l:54~t:2511,Queens University,Royals,QUC,192C66,857040,home,58,TRUE,15,5,28,39,21,54,NA,21,65,11,17,19,18,12,2,0,17,5,29,46,0,25,25,2241,s:40~l:54~t:2241,Gardner-Webb,Runnin' Bulldogs,c12535,909090,47,16,28,20,NA,NA
401825099,2026,11/3/2025,2876,s:40~l:54~t:2876,Lincoln (MO),Blue Tigers,LNMO,000000,NA,away,42,FALSE,6,2,19,22,11,49,NA,23,58,15,26,3,9,6,3,0,17,5,29,28,0,31,31,2724,s:40~l:54~t:2724,Wichita State,Shockers,ffcd00,27251f,96,5,12,14,NA,NA
401825099,2026,11/3/2025,2724,s:40~l:54~t:2724,Wichita State,Shockers,WICH,ffcd00,27251f,home,96,TRUE,24,1,34,57,36,63,NA,23,57,16,28,60,13,21,3,0,40,8,20,47,0,22,22,2876,s:40~l:54~t:2876,Lincoln (MO),Blue Tigers,000000,NA,42,26,54,39,NA,NA
401824995,2026,11/3/2025,2350,s:40~l:54~t:2350,Loyola Chicago,Ramblers,LUC,9d1244,NA,away,59,TRUE,9,5,18,38,23,61,NA,23,50,9,18,10,14,12,0,0,21,4,19,32,0,12,12,270,s:40~l:54~t:270,Milwaukee,Panthers,000000,ffc20e,55,16,32,22,NA,NA
401824995,2026,11/3/2025,270,s:40~l:54~t:270,Milwaukee,Panthers,MILW,000000,ffc20e,home,55,FALSE,6,3,28,38,16,42,NA,21,69,20,29,9,12,4,1,0,18,3,17,40,0,24,24,2350,s:40~l:54~t:2350,Loyola Chicago,Ramblers,9d1244,NA,59,3,22,9,NA,NA
401824912,2026,11/3/2025,2244,s:40~l:54~t:2244,George Mason,Patriots,GMU,016600,ecb010,away,85,FALSE,13,3,24,35,28,81,NA,27,86,19,22,11,19,7,0,0,31,10,32,43,0,16,16,218,s:40~l:54~t:218,Temple,Owls,a41e35,ffffff,94,7,26,21,NA,NA
401824912,2026,11/3/2025,218,s:40~l:54~t:218,Temple,Owls,TEM,a41e35,ffffff,home,94,TRUE,14,0,33,46,31,67,NA,24,78,25,32,9,14,8,0,0,29,7,24,47,0,20,20,2244,s:40~l:54~t:2244,George Mason,Patriots,016600,ecb010,85,6,34,8,NA,NA
401824409,2026,11/3/2025,130263,s:40~l:54~t:130263,Mississippi University For Women,Owls,MUW,NA,NA,away,40,FALSE,6,2,20,24,11,45,NA,28,58,15,26,0,5,6,0,1,15,3,20,25,1,36,36,2296,s:40~l:54~t:2296,Jackson State,Lady Tigers,123297,b5b7ba,117,6,10,7,NA,NA
401824409,2026,11/3/2025,2296,s:40~l:54~t:2296,Jackson State,Lady Tigers,JKST,123297,b5b7ba,home,117,TRUE,29,1,30,49,43,88,NA,25,53,20,38,77,32,24,0,0,38,11,29,62,0,17,17,130263,s:40~l:54~t:130263,Mississippi University For Women,Owls,NA,NA,40,39,60,50,NA,NA
401824230,2026,11/3/2025,2130,s:40~l:54~t:2130,Chicago State,Cougars,CHST,006700,NA,away,49,FALSE,6,5,19,27,16,60,NA,21,81,13,16,0,16,6,0,0,15,4,26,35,0,21,21,325,s:40~l:54~t:325,Cleveland State,Vikings,006633,231f20,71,3,12,10,NA,NA
401824230,2026,11/3/2025,325,s:40~l:54~t:325,Cleveland State,Vikings,CLE,006633,231f20,home,71,TRUE,13,4,30,44,24,55,NA,14,69,18,26,27,13,14,1,0,29,5,17,43,0,17,17,2130,s:40~l:54~t:2130,Chicago State,Cougars,006700,NA,49,27,38,19,NA,NA
401822977,2026,11/3/2025,2870,s:40~l:54~t:2870,Purdue Fort Wayne,Mastodons,PFW,cfb991,000000,away,47,FALSE,10,2,28,37,19,52,NA,28,29,2,7,2,4,9,0,0,29,7,24,32,0,31,31,277,s:40~l:54~t:277,West Virginia,Mountaineers,eaaa00,002855,83,0,24,16,NA,NA
401822977,2026,11/3/2025,277,s:40~l:54~t:277,West Virginia,Mountaineers,WVU,eaaa00,002855,home,83,TRUE,8,4,32,40,27,68,NA,12,68,23,34,40,19,19,0,0,32,6,19,51,0,17,17,2870,s:40~l:54~t:2870,Purdue Fort Wayne,Mastodons,cfb991,000000,47,15,42,30,NA,NA
401822261,2026,11/3/2025,2071,s:40~l:54~t:2071,Bloomsburg,Huskies,BBU,000000,NA,away,59,FALSE,16,1,18,40,23,57,NA,15,47,8,17,0,14,9,1,0,28,5,18,32,0,18,18,48,s:40~l:54~t:48,Delaware,Blue Hens,00539f,ffd200,83,4,32,9,NA,NA
401822261,2026,11/3/2025,48,s:40~l:54~t:48,Delaware,Blue Hens,DEL,00539f,ffd200,home,83,TRUE,11,2,22,45,30,66,NA,17,73,16,22,28,21,10,0,0,41,7,17,43,0,13,13,2071,s:40~l:54~t:2071,Bloomsburg,Huskies,000000,NA,59,14,40,23,NA,NA
401819533,2026,11/3/2025,2630,s:40~l:54~t:2630,UT Martin,Skyhawks,UTM,FF6700,102a5c,away,54,FALSE,7,3,25,30,18,61,NA,14,88,14,16,6,9,13,1,0,29,4,14,34,0,17,17,2453,s:40~l:54~t:2453,North Alabama,Lions,000000,NA,57,7,24,17,NA,NA
401819533,2026,11/3/2025,2453,s:40~l:54~t:2453,North Alabama,Lions,UNA,000000,NA,home,57,TRUE,11,3,32,38,21,56,NA,15,75,9,12,9,10,9,0,0,32,6,19,42,0,21,21,2630,s:40~l:54~t:2630,UT Martin,Skyhawks,FF6700,102a5c,54,13,26,14,NA,NA
401818515,2026,11/3/2025,2454,s:40~l:54~t:2454,North Florida,Ospreys,UNF,004B8D,babcbe,away,62,FALSE,11,2,20,43,23,53,NA,26,71,10,14,5,8,6,1,0,35,6,17,28,0,31,31,57,s:40~l:54~t:57,Florida,Gators,0021a5,fa4616,96,6,32,19,NA,NA
401818515,2026,11/3/2025,57,s:40~l:54~t:57,Florida,Gators,FLA,0021a5,fa4616,home,96,TRUE,15,3,25,54,35,65,NA,18,75,21,28,42,13,19,0,0,24,5,21,38,0,17,17,2454,s:40~l:54~t:2454,North Florida,Ospreys,004B8D,babcbe,62,35,56,44,NA,NA
401817300,2026,11/3/2025,2210,s:40~l:54~t:2210,Elon,Phoenix,ELON,020303,b59a57,away,65,TRUE,5,4,34,32,24,75,NA,20,72,13,18,9,17,10,0,0,18,4,22,51,0,15,15,2193,s:40~l:54~t:2193,East Tennessee State,Bucs,002d61,ffc423,56,5,30,10,NA,NA
401817300,2026,11/3/2025,2193,s:40~l:54~t:2193,East Tennessee State,Bucs,ETSU,002d61,ffc423,home,56,FALSE,9,2,37,33,19,57,NA,15,64,14,22,9,8,7,1,0,20,4,20,45,0,21,21,2210,s:40~l:54~t:2210,Elon,Phoenix,020303,b59a57,65,9,22,13,NA,NA
401813825,2026,11/3/2025,227,s:40~l:54~t:227,Rhode Island,Rams,URI,091f3f,5ab3e8,away,56,TRUE,13,7,30,33,21,63,NA,17,58,7,12,20,16,7,1,0,28,7,25,46,0,14,14,2363,s:40~l:54~t:2363,Manhattan,Jaspers,4f8537,b5b7ba,38,6,26,19,NA,NA
401813825,2026,11/3/2025,2363,s:40~l:54~t:2363,Manhattan,Jaspers,MAN,4f8537,b5b7ba,home,38,FALSE,9,1,27,23,11,48,NA,14,75,15,20,0,8,4,2,0,11,1,9,35,0,17,17,227,s:40~l:54~t:227,Rhode Island,Rams,091f3f,5ab3e8,56,5,16,5,NA,NA
401813797,2026,11/3/2025,2885,s:40~l:54~t:2885,NJIT,Highlanders,NJIT,EE3024,df3e2e,away,64,TRUE,19,7,31,40,25,62,NA,15,60,6,10,21,12,8,0,0,27,8,30,43,0,11,11,2529,s:40~l:54~t:2529,Sacred Heart,Pioneers,a40012,c29472,51,4,34,17,NA,NA
401813797,2026,11/3/2025,2529,s:40~l:54~t:2529,Sacred Heart,Pioneers,SHU,a40012,c29472,home,51,FALSE,9,1,28,31,20,64,NA,10,57,8,14,2,18,2,1,0,20,3,15,46,0,14,14,2885,s:40~l:54~t:2885,NJIT,Highlanders,EE3024,df3e2e,64,3,34,10,NA,NA
401813787,2026,11/3/2025,2448,s:40~l:54~t:2448,North Carolina A&T,Aggies,NCAT,0505aa,004684,away,40,FALSE,2,3,26,21,11,52,NA,19,73,16,22,0,9,5,5,0,11,2,19,35,0,22,22,2641,s:40~l:54~t:2641,Texas Tech,Lady Raiders,da291c,000000,78,4,10,10,NA,NA
401813787,2026,11/3/2025,2641,s:40~l:54~t:2641,Texas Tech,Lady Raiders,TTU,da291c,000000,home,78,TRUE,14,9,33,44,28,64,NA,19,83,15,18,40,10,11,0,0,25,7,28,43,0,14,14,2448,s:40~l:54~t:2448,North Carolina A&T,Aggies,0505aa,004684,40,20,34,21,NA,NA
401813738,2026,11/3/2025,2681,s:40~l:54~t:2681,Wagner,Seahawks,WAG,00483A,ffffff,away,50,FALSE,7,3,29,25,15,60,NA,26,75,18,24,0,15,7,0,0,11,2,18,44,0,23,23,164,s:40~l:54~t:164,Rutgers,Scarlet Knights,ce0e2d,ffffff,79,10,22,6,NA,NA
401813738,2026,11/3/2025,164,s:40~l:54~t:164,Rutgers,Scarlet Knights,RUTG,ce0e2d,ffffff,home,79,TRUE,15,4,31,35,24,69,NA,25,60,24,40,38,23,14,0,0,26,7,27,54,0,14,14,2681,s:40~l:54~t:2681,Wagner,Seahawks,00483A,ffffff,50,26,28,22,NA,NA
401813221,2026,11/3/2025,2649,s:40~l:54~t:2649,Toledo,Rockets,TOL,0b2240,ffcd00,away,51,FALSE,9,3,27,26,14,54,NA,18,75,21,28,0,7,5,4,0,9,2,22,34,0,28,28,2653,s:40~l:54~t:2653,Troy,Trojans,862633,b1b1b1,88,11,24,10,NA,NA
401813221,2026,11/3/2025,2653,s:40~l:54~t:2653,Troy,Trojans,TROY,862633,b1b1b1,home,88,TRUE,16,6,31,47,35,75,NA,21,65,11,17,38,11,9,0,0,37,7,19,42,0,20,20,2649,s:40~l:54~t:2649,Toledo,Rockets,0b2240,ffcd00,51,25,52,30,NA,NA
401813196,2026,11/3/2025,189,s:40~l:54~t:189,Bowling Green,Falcons,BGSU,fd5000,4f2c1d,away,82,TRUE,11,3,24,52,27,52,NA,19,79,23,29,20,12,7,0,1,31,5,16,36,1,23,23,309,s:40~l:54~t:309,Louisiana,Ragin' Cajuns,ce181e,000000,67,6,44,19,NA,NA
401813196,2026,11/3/2025,309,s:40~l:54~t:309,Louisiana,Ragin' Cajuns,UL,ce181e,000000,home,67,FALSE,7,2,18,42,28,67,NA,24,50,7,14,7,16,7,2,1,27,4,15,34,1,20,20,189,s:40~l:54~t:189,Bowling Green,Falcons,fd5000,4f2c1d,82,13,34,18,NA,NA
401812419,2026,11/3/2025,161,s:40~l:54~t:161,Fairleigh Dickinson,Knights,FDU,72293c,28334a,away,48,FALSE,8,3,18,27,17,62,NA,22,60,9,15,5,12,6,1,0,19,5,26,30,0,19,19,2509,s:40~l:54~t:2509,Purdue,Boilermakers,ceb888,000000,67,5,14,10,NA,NA
401812419,2026,11/3/2025,2509,s:40~l:54~t:2509,Purdue,Boilermakers,PUR,ceb888,000000,home,67,TRUE,11,6,33,42,22,53,NA,21,72,18,25,25,13,8,2,0,26,5,19,46,0,19,19,161,s:40~l:54~t:161,Fairleigh Dickinson,Knights,72293c,28334a,48,18,30,29,NA,NA
401818576,2026,11/3/2025,2413,s:40~l:54~t:2413,Morehead State,Eagles,MORE,094FA3,fed91a,away,59,FALSE,15,3,28,36,20,56,NA,17,56,9,16,9,5,5,0,0,37,10,27,33,0,16,16,96,s:40~l:54~t:96,Kentucky,Wildcats,0033a0,ffffff,75,2,20,10,NA,NA
401818576,2026,11/3/2025,96,s:40~l:54~t:96,Kentucky,Wildcats,UK,0033a0,ffffff,home,75,TRUE,13,12,33,37,28,75,NA,17,68,15,22,20,21,9,0,0,17,4,24,54,0,11,11,2413,s:40~l:54~t:2413,Morehead State,Eagles,094FA3,fed91a,59,11,38,13,NA,NA
401828484,2026,11/3/2025,2476,s:40~l:54~t:2476,Oglethorpe,Stormy Petrels,OGLET,000000,NA,away,59,FALSE,14,4,31,36,19,53,NA,24,76,16,21,1,7,5,3,0,24,5,21,38,0,33,33,2247,s:40~l:54~t:2247,Georgia State,Panthers,0039a6,ffffff,108,2,26,9,NA,NA
401828484,2026,11/3/2025,2247,s:40~l:54~t:2247,Georgia State,Panthers,GAST,0039a6,ffffff,home,108,TRUE,23,4,28,44,38,87,NA,21,69,22,32,49,22,26,1,0,29,10,35,50,0,11,11,2476,s:40~l:54~t:2476,Oglethorpe,Stormy Petrels,000000,NA,59,39,52,38,NA,NA
401827749,2026,11/3/2025,282,s:40~l:54~t:282,Indiana State,Sycamores,INST,00669a,f0f0f0,away,64,FALSE,12,5,28,39,24,62,NA,27,70,14,20,2,13,4,3,0,9,2,23,41,0,24,24,85,s:40~l:54~t:85,IU Indianapolis,Jaguars,A81F30,d59f0f,67,6,36,18,NA,NA
401827749,2026,11/3/2025,85,s:40~l:54~t:85,IU Indianapolis,Jaguars,IUIN,A81F30,d59f0f,home,67,TRUE,6,2,28,29,20,68,NA,23,68,23,34,14,23,12,1,0,14,4,28,51,0,19,19,282,s:40~l:54~t:282,Indiana State,Sycamores,00669a,f0f0f0,64,17,30,19,NA,NA
401826645,2026,11/3/2025,2711,s:40~l:54~t:2711,Western Michigan,Broncos,WMU,532e1f,f1c500,away,45,FALSE,12,1,23,29,17,58,NA,15,80,4,5,9,10,9,0,0,28,7,25,33,0,18,18,2026,s:40~l:54~t:2026,App State,Mountaineers,000000,ffcd00,65,4,14,14,NA,NA
401826645,2026,11/3/2025,2026,s:40~l:54~t:2026,App State,Mountaineers,APP,000000,ffcd00,home,65,TRUE,14,3,32,42,23,55,NA,11,83,10,12,25,10,6,0,0,43,9,21,42,0,17,17,2711,s:40~l:54~t:2711,Western Michigan,Broncos,532e1f,f1c500,45,2,22,15,NA,NA
401826153,2026,11/3/2025,2758,s:40~l:54~t:2758,Howard Payne,Yellow Jackets,HWPU,02215b,b5985b,away,33,FALSE,4,0,15,30,12,40,NA,11,50,3,6,2,10,6,4,0,29,6,21,25,0,40,40,2000,s:40~l:54~t:2000,Abilene Christian,Wildcats,592d82,b1b3b3,103,0,10,6,NA,NA
401826153,2026,11/3/2025,2000,s:40~l:54~t:2000,Abilene Christian,Wildcats,ACU,592d82,b1b3b3,home,103,TRUE,26,3,19,62,41,66,NA,9,83,10,12,74,11,24,1,0,34,11,32,30,0,13,13,2758,s:40~l:54~t:2758,Howard Payne,Yellow Jackets,02215b,b5985b,33,39,56,55,NA,NA
401825830,2026,11/3/2025,113,s:40~l:54~t:113,Massachusetts,Minutewomen,MASS,881c1c,ffffff,away,58,TRUE,14,3,30,40,20,50,NA,16,50,14,28,18,17,6,2,0,31,4,13,47,0,22,22,295,s:40~l:54~t:295,Old Dominion,Monarchs,003768,a1d2f1,52,6,28,8,NA,NA
401825830,2026,11/3/2025,295,s:40~l:54~t:295,Old Dominion,Monarchs,ODU,003768,a1d2f1,home,52,FALSE,9,6,20,29,20,70,NA,21,75,9,12,5,20,11,0,0,15,3,20,40,0,11,11,113,s:40~l:54~t:113,Massachusetts,Minutewomen,881c1c,ffffff,58,7,26,20,NA,NA
401825064,2026,11/3/2025,589,s:40~l:54~t:589,Oklahoma Christian University,Eagles,OKCU,000000,NA,away,36,FALSE,9,1,15,32,14,44,NA,26,29,2,7,3,9,1,3,0,30,6,20,24,0,26,26,249,s:40~l:54~t:249,North Texas,Mean Green,068f33,ffffff,106,3,8,5,NA,NA
401825064,2026,11/3/2025,249,s:40~l:54~t:249,North Texas,Mean Green,UNT,068f33,ffffff,home,106,TRUE,21,2,23,59,38,64,NA,13,78,18,23,70,14,7,0,0,55,12,22,37,0,6,6,589,s:40~l:54~t:589,Oklahoma Christian University,Eagles,000000,NA,36,17,44,37,NA,NA
401825026,2026,11/3/2025,112704,s:40~l:54~t:112704,Stevenson,Mustangs,STVS,NA,NA,away,49,FALSE,6,2,21,39,17,44,NA,22,65,13,20,2,8,8,2,0,17,2,12,29,0,36,36,2378,s:40~l:54~t:2378,UMBC,Retrievers,000000,ad860a,90,5,14,14,NA,NA
401825026,2026,11/3/2025,2378,s:40~l:54~t:2378,UMBC,Retrievers,UMBC,000000,ad860a,home,90,TRUE,17,6,22,47,33,70,NA,21,76,19,25,51,21,19,0,0,24,5,21,43,0,23,23,112704,s:40~l:54~t:112704,Stevenson,Mustangs,NA,NA,49,23,50,47,NA,NA
401824172,2026,11/3/2025,2589,s:40~l:54~t:2589,Spalding,Pelicans,SPLD,000000,NA,away,51,FALSE,8,2,29,24,14,59,NA,20,70,16,23,0,9,7,0,0,37,7,19,38,0,16,16,91,s:40~l:54~t:91,Bellarmine,Knights,000000,NA,77,5,10,5,NA,NA
401824172,2026,11/3/2025,91,s:40~l:54~t:91,Bellarmine,Knights,BELL,000000,NA,home,77,TRUE,19,2,38,38,26,69,NA,19,75,18,24,33,17,12,0,0,30,7,23,55,0,13,13,2589,s:40~l:54~t:2589,Spalding,Pelicans,000000,NA,51,13,38,17,NA,NA
401822200,2026,11/3/2025,2127,s:40~l:54~t:2127,Charleston Southern,Buccaneers,CHSO,2e3192,ded090,away,84,FALSE,12,3,35,46,27,59,NA,33,77,20,26,3,9,7,2,0,34,10,29,44,0,24,24,294,s:40~l:54~t:294,Jacksonville,Dolphins,00523e,NA,86,5,28,21,NA,NA
401822200,2026,11/3/2025,294,s:40~l:54~t:294,Jacksonville,Dolphins,JAX,00523e,NA,home,86,TRUE,11,2,26,37,26,70,NA,22,64,27,42,20,17,16,1,0,30,7,23,43,0,14,14,2127,s:40~l:54~t:2127,Charleston Southern,Buccaneers,2e3192,ded090,84,19,32,32,NA,NA
401817327,2026,11/3/2025,2382,s:40~l:54~t:2382,Mercer,Bears,MER,ff7f29,080808,away,48,TRUE,8,4,26,25,13,53,NA,15,67,20,30,18,16,12,1,0,20,2,10,42,0,22,22,2427,s:40~l:54~t:2427,UNC Asheville,Bulldogs,003da5,ffffff,39,9,18,20,NA,NA
401817327,2026,11/3/2025,2427,s:40~l:54~t:2427,UNC Asheville,Bulldogs,UNCA,003da5,ffffff,home,39,FALSE,6,6,28,22,10,45,NA,19,89,17,19,0,9,6,1,0,18,2,11,37,0,28,28,2382,s:40~l:54~t:2382,Mercer,Bears,ff7f29,080808,48,4,14,9,NA,NA
401830417,2026,11/3/2025,2553,s:40~l:54~t:2553,Sewanee,Tigers,SEWA,000000,NA,away,46,FALSE,5,4,16,22,13,59,NA,18,75,15,20,0,14,10,4,0,22,5,23,30,0,28,28,2046,s:40~l:54~t:2046,Austin Peay,Governors,8e0b0b,NA,115,3,14,6,NA,NA
401830417,2026,11/3/2025,2046,s:40~l:54~t:2046,Austin Peay,Governors,APSU,8e0b0b,NA,home,115,TRUE,25,5,34,56,48,86,NA,21,73,11,15,71,25,11,0,0,31,8,26,59,0,15,15,2553,s:40~l:54~t:2553,Sewanee,Tigers,000000,NA,46,33,78,36,NA,NA
401826982,2026,11/3/2025,2789,s:40~l:54~t:2789,York College Nebraska,YORK (NE),YUNE,000000,NA,away,33,FALSE,4,1,22,19,11,59,NA,18,88,7,8,0,10,5,0,0,19,4,21,32,0,30,30,233,s:40~l:54~t:233,South Dakota,Coyotes,CD1241,f0f0f0,104,3,12,4,NA,NA
401826982,2026,11/3/2025,233,s:40~l:54~t:233,South Dakota,Coyotes,SDAK,CD1241,f0f0f0,home,104,TRUE,27,12,39,51,40,78,NA,10,83,20,24,82,17,17,0,0,22,4,18,56,0,10,10,2789,s:40~l:54~t:2789,York College Nebraska,YORK (NE),000000,NA,33,25,70,39,NA,NA
401826635,2026,11/3/2025,193,s:40~l:54~t:193,Miami (OH),RedHawks,M-OH,c41230,ffffff,away,63,TRUE,15,2,29,37,22,59,NA,24,70,7,10,21,12,10,2,0,32,12,37,41,0,26,26,324,s:40~l:54~t:324,Coastal Carolina,Chanticleers,006f71,a27752,53,8,14,15,NA,NA
401826635,2026,11/3/2025,324,s:40~l:54~t:324,Coastal Carolina,Chanticleers,CCU,006f71,a27752,home,53,FALSE,8,3,25,29,16,55,NA,17,61,14,23,5,14,14,1,0,24,7,29,39,0,26,26,193,s:40~l:54~t:193,Miami (OH),RedHawks,c41230,ffffff,63,11,14,23,NA,NA
401826628,2026,11/3/2025,2309,s:40~l:54~t:2309,Kent State,Golden Flashes,KENT,002664,eaab00,away,48,FALSE,7,2,32,25,15,59,NA,22,74,17,23,0,17,5,4,0,6,1,16,49,0,25,25,256,s:40~l:54~t:256,James Madison,Dukes,450084,cbb677,80,7,24,13,NA,NA
401826628,2026,11/3/2025,256,s:40~l:54~t:256,James Madison,Dukes,JMU,450084,cbb677,home,80,TRUE,12,4,31,41,28,69,NA,22,74,17,23,36,12,16,1,0,25,7,28,43,0,14,14,2309,s:40~l:54~t:2309,Kent State,Golden Flashes,002664,eaab00,48,26,40,35,NA,NA
401826612,2026,11/3/2025,2084,s:40~l:54~t:2084,Buffalo,Bulls,BUF,005bbb,ffffff,away,39,FALSE,7,4,26,32,17,53,NA,10,33,2,6,1,11,12,0,0,21,3,14,37,0,26,26,276,s:40~l:54~t:276,Marshall,Thundering Herd,00b140,000000,53,4,20,14,NA,NA
401826612,2026,11/3/2025,276,s:40~l:54~t:276,Marshall,Thundering Herd,MRSH,00b140,000000,home,53,TRUE,14,2,26,34,22,65,NA,14,100,1,1,20,17,13,0,0,24,8,33,43,0,23,23,2084,s:40~l:54~t:2084,Buffalo,Bulls,005bbb,ffffff,39,2,26,16,NA,NA
401826164,2026,11/3/2025,2065,s:40~l:54~t:2065,Bethune-Cookman,Wildcats,BCU,7b1831,e9aa12,away,36,FALSE,6,2,19,24,11,45,NA,24,55,12,22,0,6,9,1,0,20,2,10,25,0,26,26,2116,s:40~l:54~t:2116,UCF,Knights,000000,b4a169,75,5,14,9,NA,NA
401826164,2026,11/3/2025,2116,s:40~l:54~t:2116,UCF,Knights,UCF,000000,b4a169,home,75,TRUE,20,6,31,47,28,59,NA,21,68,15,22,41,14,12,2,0,25,4,16,45,0,23,23,2065,s:40~l:54~t:2065,Bethune-Cookman,Wildcats,7b1831,e9aa12,36,18,44,38,NA,NA
401825016,2026,11/3/2025,2365,s:40~l:54~t:2365,Mansfield,Mountaineers,MNFD,000000,NA,away,34,FALSE,6,3,20,24,13,55,NA,21,58,7,12,5,8,7,1,0,4,1,25,28,0,20,20,179,s:40~l:54~t:179,St. Bonaventure,Bonnies,70261D,NA,82,5,18,10,NA,NA
401825016,2026,11/3/2025,179,s:40~l:54~t:179,St. Bonaventure,Bonnies,SBU,70261D,NA,home,82,TRUE,16,6,34,43,30,69,NA,16,64,14,22,54,22,7,0,0,32,8,25,56,0,16,16,2365,s:40~l:54~t:2365,Mansfield,Mountaineers,000000,NA,34,9,34,24,NA,NA
401824976,2026,11/3/2025,2002,s:40~l:54~t:2002,Adelphi,Panthers,ADPH,000000,NA,away,51,FALSE,6,3,19,37,18,49,NA,17,77,10,13,9,7,15,3,0,42,5,12,26,0,22,22,2230,s:40~l:54~t:2230,Fordham,Rams,830032,909090,60,14,26,18,NA,NA
401824976,2026,11/3/2025,2230,s:40~l:54~t:2230,Fordham,Rams,FOR,830032,909090,home,60,TRUE,9,4,25,45,23,51,NA,16,56,10,18,9,12,13,0,0,25,4,16,37,0,24,24,2002,s:40~l:54~t:2002,Adelphi,Panthers,000000,NA,51,21,36,20,NA,NA
401824215,2026,11/3/2025,2117,s:40~l:54~t:2117,Central Michigan,Chippewas,CMU,4c0027,fbab18,away,72,FALSE,7,3,21,50,28,56,NA,19,75,15,20,0,10,3,0,0,14,1,7,31,0,16,16,290,s:40~l:54~t:290,Georgia Southern,Eagles,041e42,a3aaae,98,4,46,14,NA,NA
401824215,2026,11/3/2025,290,s:40~l:54~t:290,Georgia Southern,Eagles,GASO,041e42,a3aaae,home,98,TRUE,22,3,20,59,37,63,NA,20,61,11,18,28,9,7,1,0,54,13,24,29,0,10,10,2117,s:40~l:54~t:2117,Central Michigan,Chippewas,4c0027,fbab18,72,16,40,19,NA,NA
401824161,2026,11/3/2025,350,s:40~l:54~t:350,UNC Wilmington,Seahawks,UNCW,00665e,ffda00,away,63,FALSE,15,1,26,42,25,59,NA,18,75,9,12,5,13,7,2,0,24,4,17,39,0,27,27,151,s:40~l:54~t:151,East Carolina,Pirates,582c83,ffc72c,82,16,34,21,NA,NA
401824161,2026,11/3/2025,151,s:40~l:54~t:151,East Carolina,Pirates,ECU,582c83,ffc72c,home,82,TRUE,12,8,21,49,31,63,NA,18,67,14,21,19,9,19,2,0,38,6,16,30,0,17,17,350,s:40~l:54~t:350,UNC Wilmington,Seahawks,00665e,ffda00,63,23,42,32,NA,NA
401823697,2026,11/3/2025,2115,s:40~l:54~t:2115,Central Connecticut,Blue Devils,CCSU,1B49A2,d1d5d8,away,50,FALSE,5,2,17,31,16,51,NA,22,76,13,17,12,8,9,0,0,28,5,18,25,0,16,16,2803,s:40~l:54~t:2803,Bryant,Bulldogs,000000,9f8343,71,2,18,8,NA,NA
401823697,2026,11/3/2025,2803,s:40~l:54~t:2803,Bryant,Bulldogs,BRY,000000,9f8343,home,71,TRUE,19,0,28,56,25,45,NA,19,65,13,20,23,8,6,1,0,47,8,17,36,0,19,19,2115,s:40~l:54~t:2115,Central Connecticut,Blue Devils,1B49A2,d1d5d8,50,8,30,15,NA,NA
401822196,2026,11/3/2025,2229,s:40~l:54~t:2229,Florida International,Panthers,FIU,091f3f,c3993f,away,56,FALSE,9,2,26,34,18,53,NA,25,61,14,23,0,10,5,2,0,30,6,20,36,0,23,23,58,s:40~l:54~t:58,South Florida,Bulls,006747,cfc493,81,7,18,13,NA,NA
401822196,2026,11/3/2025,58,s:40~l:54~t:58,South Florida,Bulls,USF,006747,cfc493,home,81,TRUE,16,4,28,38,28,73,NA,22,69,22,32,28,24,9,0,0,14,3,21,52,0,13,13,2229,s:40~l:54~t:2229,Florida International,Panthers,091f3f,c3993f,56,12,36,24,NA,NA
401822146,2026,11/3/2025,402,s:40~l:54~t:402,Worcester State,Lancers,WORC,004b8e,ffc629,away,32,FALSE,4,1,22,28,11,40,NA,21,70,7,10,1,10,7,2,0,21,3,14,32,0,32,32,160,s:40~l:54~t:160,New Hampshire,Wildcats,004990,c3c4c6,72,2,10,7,NA,NA
401822146,2026,11/3/2025,160,s:40~l:54~t:160,New Hampshire,Wildcats,UNH,004990,c3c4c6,home,72,TRUE,7,2,20,47,29,62,NA,11,55,11,20,41,17,19,0,0,16,3,19,37,0,12,12,402,s:40~l:54~t:402,Worcester State,Lancers,004b8e,ffc629,32,16,52,28,NA,NA
401820507,2026,11/3/2025,128658,s:40~l:54~t:128658,College of Biblical Studies,Ambassadors,CBS,NA,NA,away,30,FALSE,5,2,23,21,10,48,NA,21,89,8,9,0,7,4,3,0,13,2,15,30,0,30,30,357,s:40~l:54~t:357,Texas A&M-Corpus Christi,Islanders,0067c5,007f3e,100,1,6,7,NA,NA
401820507,2026,11/3/2025,357,s:40~l:54~t:357,Texas A&M-Corpus Christi,Islanders,AMCC,0067c5,007f3e,home,100,TRUE,26,7,31,43,32,74,NA,15,78,21,27,70,20,20,0,0,43,15,35,51,0,13,13,128658,s:40~l:54~t:128658,College of Biblical Studies,Ambassadors,NA,NA,30,17,26,44,NA,NA
401819745,2026,11/3/2025,50,s:40~l:54~t:50,Florida A&M,Rattlers,FAMU,F89728,00843d,away,39,FALSE,5,5,26,19,14,74,NA,28,64,9,14,0,17,1,0,0,17,2,12,43,0,23,23,52,s:40~l:54~t:52,Florida State,Seminoles,782f40,ceb888,112,2,14,3,NA,NA
401819745,2026,11/3/2025,52,s:40~l:54~t:52,Florida State,Seminoles,FSU,782f40,ceb888,home,112,TRUE,16,11,43,47,35,75,NA,14,86,32,37,73,15,13,0,1,33,10,30,58,1,11,11,50,s:40~l:54~t:50,Florida A&M,Rattlers,F89728,00843d,39,27,48,33,NA,NA
401817538,2026,11/3/2025,107,s:40~l:54~t:107,Holy Cross,Crusaders,HC,582c83,ffffff,away,72,TRUE,15,2,27,43,25,58,NA,17,75,15,20,4,9,7,1,0,33,7,21,36,0,14,14,103,s:40~l:54~t:103,Boston College,Eagles,8c2232,dbcca6,71,9,34,12,NA,NA
401817538,2026,11/3/2025,103,s:40~l:54~t:103,Boston College,Eagles,BC,8c2232,dbcca6,home,71,FALSE,15,1,28,42,25,59,NA,19,55,11,20,10,8,9,1,0,37,10,27,36,0,15,15,107,s:40~l:54~t:107,Holy Cross,Crusaders,582c83,ffffff,72,16,20,21,NA,NA
401812633,2026,11/3/2025,2514,s:40~l:54~t:2514,Quinnipiac,Bobcats,QUIN,041B43,NA,away,65,TRUE,12,4,25,39,23,59,NA,12,100,10,10,12,12,8,2,0,35,9,26,37,0,12,12,104,s:40~l:54~t:104,Boston University,Terriers,cc0000,ffffff,55,0,20,12,NA,NA
401812633,2026,11/3/2025,104,s:40~l:54~t:104,Boston University,Terriers,BU,cc0000,ffffff,home,55,FALSE,13,3,23,40,20,50,NA,12,82,9,11,2,6,4,0,0,30,6,20,29,0,13,13,2514,s:40~l:54~t:2514,Quinnipiac,Bobcats,041B43,NA,65,2,24,18,NA,NA
401827851,2026,11/3/2025,2057,s:40~l:54~t:2057,Belmont,Bruins,BEL,182142,c9262d,away,67,FALSE,14,2,26,32,23,72,NA,23,50,11,22,3,12,9,1,0,29,10,34,38,0,12,12,201,s:40~l:54~t:201,Oklahoma,Sooners,990000,ffffff,84,5,18,15,NA,NA
401827851,2026,11/3/2025,201,s:40~l:54~t:201,Oklahoma,Sooners,OU,990000,ffffff,home,84,TRUE,22,5,43,46,33,71,NA,20,50,15,30,17,18,6,0,0,13,3,23,61,0,18,18,2057,s:40~l:54~t:2057,Belmont,Bruins,182142,c9262d,67,19,54,13,NA,NA
401825043,2026,11/3/2025,2,s:40~l:54~t:2,Auburn,Tigers,AUB,002b5c,f26522,away,71,TRUE,8,4,24,34,21,62,NA,14,81,25,31,14,18,17,6,0,17,4,24,42,0,18,18,2429,s:40~l:54~t:2429,Charlotte,49ers,005035,a49665,58,27,28,22,NA,NA
401825043,2026,11/3/2025,2429,s:40~l:54~t:2429,Charlotte,49ers,CLT,005035,a49665,home,58,FALSE,13,5,23,35,20,57,NA,20,73,11,15,8,14,8,2,0,33,7,21,37,0,27,27,2,s:40~l:54~t:2,Auburn,Tigers,002b5c,f26522,71,5,20,13,NA,NA
401827813,2026,11/3/2025,2487,s:40~l:54~t:2487,Pace,Setters,PACE,000000,NA,away,50,FALSE,7,1,21,40,19,48,NA,9,88,7,8,0,1,5,1,0,42,5,12,22,0,16,16,349,s:40~l:54~t:349,Army,Black Knights,000000,d3bc8d,86,2,20,7,NA,NA
401827813,2026,11/3/2025,349,s:40~l:54~t:349,Army,Black Knights,ARMY,000000,d3bc8d,home,86,TRUE,28,3,28,49,35,71,NA,11,40,2,5,36,15,6,0,0,34,14,41,43,0,10,10,2487,s:40~l:54~t:2487,Pace,Setters,000000,NA,50,14,34,13,NA,NA
401827459,2026,11/3/2025,108784,s:40~l:54~t:108784,Southwestern Christian,Rams,SWCU,NA,NA,away,39,FALSE,7,6,31,33,11,33,NA,23,65,15,23,3,2,11,3,0,18,2,11,33,0,36,36,2534,s:40~l:54~t:2534,Sam Houston,Bearkats,f56423,ffffff,58,5,16,8,NA,NA
401827459,2026,11/3/2025,2534,s:40~l:54~t:2534,Sam Houston,Bearkats,SHSU,f56423,ffffff,home,58,TRUE,9,1,24,27,21,78,NA,22,48,14,29,19,32,13,2,0,13,2,15,56,0,23,23,108784,s:40~l:54~t:108784,Southwestern Christian,Rams,NA,NA,39,5,20,23,NA,NA
401824982,2026,11/3/2025,2177,s:40~l:54~t:2177,District of Columbia,DISTRICT OF COLUMBIA,UDC,000000,NA,away,47,FALSE,8,3,14,37,17,46,NA,14,67,8,12,2,6,3,0,0,36,5,14,20,0,22,22,45,s:40~l:54~t:45,George Washington,Revolutionaries,002843,e8d2a1,86,4,18,19,NA,NA
401824982,2026,11/3/2025,45,s:40~l:54~t:45,George Washington,Revolutionaries,GW,002843,e8d2a1,home,86,TRUE,23,1,24,52,32,61,NA,17,78,7,9,39,14,8,2,0,56,15,27,38,0,19,19,2177,s:40~l:54~t:2177,District of Columbia,DISTRICT OF COLUMBIA,000000,NA,47,13,26,30,NA,NA
401824210,2026,11/3/2025,2523,s:40~l:54~t:2523,Robert Morris,Colonials,RMU,00214D,a21d2b,away,78,TRUE,18,2,30,53,32,60,NA,19,64,7,11,19,8,4,0,0,35,7,20,38,0,15,15,82,s:40~l:54~t:82,UIC,Flames,001e62,d50032,63,4,46,7,NA,NA
401824210,2026,11/3/2025,82,s:40~l:54~t:82,UIC,Flames,UIC,001e62,d50032,home,63,FALSE,15,2,17,39,25,64,NA,13,60,12,20,9,10,10,0,0,7,1,14,27,0,6,6,2523,s:40~l:54~t:2523,Robert Morris,Colonials,00214D,a21d2b,78,16,36,18,NA,NA
401823690,2026,11/3/2025,2783,s:40~l:54~t:2783,SUNY Geneseo,Knights,SNYG,000000,NA,away,35,FALSE,7,2,25,38,13,34,NA,15,60,3,5,0,8,2,4,0,38,6,16,33,0,38,38,2066,s:40~l:54~t:2066,Binghamton,Bearcats,00614A,f0f0f0,86,0,14,8,NA,NA
401823690,2026,11/3/2025,2066,s:40~l:54~t:2066,Binghamton,Bearcats,BING,00614A,f0f0f0,home,86,TRUE,17,0,15,44,33,75,NA,9,67,10,15,53,20,24,1,0,30,10,33,35,0,8,8,2783,s:40~l:54~t:2783,SUNY Geneseo,Knights,000000,NA,35,22,44,46,NA,NA
401823680,2026,11/3/2025,2515,s:40~l:54~t:2515,Radford,Highlanders,RAD,BC1515,c2c3c0,away,64,FALSE,14,5,32,34,25,73,NA,24,60,6,10,4,13,5,0,0,24,8,33,45,0,12,12,154,s:40~l:54~t:154,Wake Forest,Demon Deacons,ceb888,2c2a29,71,5,28,8,NA,NA
401823680,2026,11/3/2025,154,s:40~l:54~t:154,Wake Forest,Demon Deacons,WAKE,ceb888,2c2a29,home,71,TRUE,12,6,35,34,22,65,NA,13,67,20,30,10,13,6,0,0,24,7,29,48,0,9,9,2515,s:40~l:54~t:2515,Radford,Highlanders,BC1515,c2c3c0,64,17,28,6,NA,NA
401823151,2026,11/3/2025,2083,s:40~l:54~t:2083,Bucknell,Bison,BUCK,000060,00316e,away,55,FALSE,16,2,25,36,20,55,NA,13,44,7,16,4,9,4,0,0,38,8,21,34,0,21,21,213,s:40~l:54~t:213,Penn State,Lady Lions,061440,ffffff,83,6,22,7,NA,NA
401823151,2026,11/3/2025,213,s:40~l:54~t:213,Penn State,Lady Lions,PSU,061440,ffffff,home,83,TRUE,18,3,32,54,37,69,NA,19,50,5,10,30,8,14,0,0,24,4,17,40,0,11,11,2083,s:40~l:54~t:2083,Bucknell,Bison,000060,00316e,55,17,54,27,NA,NA
401822186,2026,11/3/2025,2097,s:40~l:54~t:2097,Campbell,Fighting Camels,CAM,000000,NA,away,72,FALSE,13,4,20,35,25,71,NA,15,54,13,24,10,23,5,3,0,32,9,28,43,0,19,19,2655,s:40~l:54~t:2655,Tulane,Green Wave,006747,418fde,74,4,26,15,NA,NA
401822186,2026,11/3/2025,2655,s:40~l:54~t:2655,Tulane,Green Wave,TULN,006747,418fde,home,74,TRUE,19,5,18,44,27,62,NA,22,63,12,19,6,11,10,0,0,40,8,20,29,0,16,16,2097,s:40~l:54~t:2097,Campbell,Fighting Camels,000000,NA,72,12,38,21,NA,NA
401819768,2026,11/3/2025,2275,s:40~l:54~t:2275,Hofstra,Pride,HOF,003594,ffc72c,away,48,FALSE,10,4,24,36,20,56,NA,24,67,4,6,5,9,5,1,0,25,4,16,33,0,23,23,2390,s:40~l:54~t:2390,Miami,Hurricanes,f47423,035131,83,9,24,8,NA,NA
401819768,2026,11/3/2025,2390,s:40~l:54~t:2390,Miami,Hurricanes,MIA,f47423,035131,home,83,TRUE,18,3,26,44,31,71,NA,14,52,13,25,35,20,12,1,0,25,8,32,46,0,10,10,2275,s:40~l:54~t:2275,Hofstra,Pride,003594,ffc72c,48,16,38,29,NA,NA
401818527,2026,11/3/2025,2011,s:40~l:54~t:2011,Alabama State,Lady Hornets,ALST,e9a900,0a0a0a,away,44,FALSE,9,2,13,33,16,48,NA,22,44,7,16,0,15,8,3,0,42,5,12,28,0,28,28,61,s:40~l:54~t:61,Georgia,Lady Bulldogs,ba0c2f,2c2a29,73,6,16,14,NA,NA
401818527,2026,11/3/2025,61,s:40~l:54~t:61,Georgia,Lady Bulldogs,UGA,ba0c2f,2c2a29,home,73,TRUE,12,6,20,45,27,60,NA,12,72,13,18,29,19,13,1,0,27,6,22,39,0,20,20,2011,s:40~l:54~t:2011,Alabama State,Lady Hornets,e9a900,0a0a0a,44,17,30,26,NA,NA
401813262,2026,11/3/2025,56,s:40~l:54~t:56,Stetson,Hatters,STET,0a5640,56854e,away,73,FALSE,15,4,27,50,26,52,NA,26,64,9,14,8,5,5,2,0,52,12,23,32,0,17,17,333,s:40~l:54~t:333,Alabama,Crimson Tide,9e1b32,ffffff,82,15,26,7,NA,NA
401813262,2026,11/3/2025,333,s:40~l:54~t:333,Alabama,Crimson Tide,ALA,9e1b32,ffffff,home,82,TRUE,12,1,25,42,26,62,NA,13,72,23,32,9,13,12,0,0,28,7,25,38,0,8,8,56,s:40~l:54~t:56,Stetson,Hatters,0a5640,56854e,73,3,34,20,NA,NA
401825191,2026,11/3/2025,2684,s:40~l:54~t:2684,Warren Wilson,Owls,WNWL,000000,NA,away,45,FALSE,3,3,24,33,17,51,NA,22,50,10,20,0,6,10,1,0,11,1,9,30,0,40,40,2506,s:40~l:54~t:2506,Presbyterian,Blue Hose,194896,990134,113,11,32,8,NA,NA
401825191,2026,11/3/2025,2506,s:40~l:54~t:2506,Presbyterian,Blue Hose,PRES,194896,990134,home,113,TRUE,22,3,35,47,43,91,NA,24,47,16,34,70,31,27,0,0,46,11,24,66,0,19,19,2684,s:40~l:54~t:2684,Warren Wilson,Owls,000000,NA,45,28,62,42,NA,NA
401828571,2026,11/3/2025,112358,s:40~l:54~t:112358,Long Island University,Sharks,LIU,50c9f7,ffbf00,away,75,TRUE,9,3,30,50,24,48,NA,23,70,23,33,18,2,7,0,0,24,4,17,32,0,15,15,111,s:40~l:54~t:111,Northeastern,Huskies,CC0001,c2c3c0,60,12,30,19,NA,NA
401828571,2026,11/3/2025,111,s:40~l:54~t:111,Northeastern,Huskies,NE,CC0001,c2c3c0,home,60,FALSE,11,1,27,34,21,62,NA,30,57,12,21,2,18,6,1,0,33,6,18,45,0,21,21,112358,s:40~l:54~t:112358,Long Island University,Sharks,50c9f7,ffbf00,75,8,24,15,NA,NA
401827746,2026,11/3/2025,2157,s:40~l:54~t:2157,Covenant,Fighting Scots,COV,000000,NA,away,41,FALSE,3,2,20,24,11,46,NA,21,80,16,20,0,1,5,2,0,12,3,26,21,0,35,35,232,s:40~l:54~t:232,Charleston,Cougars,7a2531,9e8959,135,2,10,5,NA,NA
401827746,2026,11/3/2025,232,s:40~l:54~t:232,Charleston,Cougars,COFC,7a2531,9e8959,home,135,TRUE,25,0,37,55,51,93,NA,17,85,23,27,94,24,23,0,0,34,10,29,61,0,10,10,2157,s:40~l:54~t:2157,Covenant,Fighting Scots,000000,NA,41,33,78,53,NA,NA
401823714,2026,11/3/2025,2830,s:40~l:54~t:2830,Saint Anselm,Hawks,SANS,000000,NA,away,50,FALSE,13,1,18,35,22,63,NA,14,25,1,4,3,9,10,1,0,16,5,31,27,0,8,8,2349,s:40~l:54~t:2349,UMass Lowell,River Hawks,000000,cf1f2f,54,15,26,14,NA,NA
401823714,2026,11/3/2025,2349,s:40~l:54~t:2349,UMass Lowell,River Hawks,UML,000000,cf1f2f,home,54,TRUE,7,2,33,40,21,53,NA,9,77,10,13,13,16,5,4,0,11,2,19,49,0,21,21,2830,s:40~l:54~t:2830,Saint Anselm,Hawks,000000,NA,50,5,32,4,NA,NA
401830625,2026,11/3/2025,123546,s:40~l:54~t:123546,UNT Dallas,Trailblazers,UNTD,NA,NA,away,48,FALSE,8,5,22,21,11,52,NA,22,74,25,34,0,13,8,1,1,5,1,19,35,1,36,36,2837,s:40~l:54~t:2837,East Texas A&M,Lions,000000,NA,113,12,16,11,NA,NA
401830625,2026,11/3/2025,2837,s:40~l:54~t:2837,East Texas A&M,Lions,ETAM,000000,NA,home,113,TRUE,27,5,31,52,42,80,NA,28,87,20,23,65,18,25,0,0,41,9,22,49,0,18,18,123546,s:40~l:54~t:123546,UNT Dallas,Trailblazers,NA,NA,48,36,60,45,NA,NA
401817548,2026,11/3/2025,25,s:40~l:54~t:25,California,Golden Bears,CAL,041e42,ffc72c,away,65,FALSE,18,4,21,39,26,67,NA,14,46,6,13,9,20,8,0,0,25,7,28,41,0,17,17,238,s:40~l:54~t:238,Vanderbilt,Commodores,000000,cfae70,74,6,34,13,NA,NA
401817548,2026,11/3/2025,238,s:40~l:54~t:238,Vanderbilt,Commodores,VAN,000000,cfae70,home,74,TRUE,15,8,22,39,29,75,NA,17,63,10,16,17,27,15,1,0,27,6,22,49,0,14,14,25,s:40~l:54~t:25,California,Golden Bears,041e42,ffc72c,65,14,40,19,NA,NA
401827797,2026,11/3/2025,2202,s:40~l:54~t:2202,Eastern Oregon,Mountaineers,EOU,000000,NA,away,51,FALSE,10,2,24,34,22,64,NA,22,33,1,3,7,13,9,1,0,24,6,25,37,0,19,19,68,s:40~l:54~t:68,Boise State,Broncos,0033a0,d64309,59,0,32,20,NA,NA
401827797,2026,11/3/2025,68,s:40~l:54~t:68,Boise State,Broncos,BOIS,0033a0,d64309,home,59,TRUE,14,4,30,31,19,61,NA,9,76,19,25,10,18,10,0,0,12,2,17,48,0,18,18,2202,s:40~l:54~t:2202,Eastern Oregon,Mountaineers,000000,NA,51,9,26,7,NA,NA
401824326,2026,11/3/2025,2504,s:40~l:54~t:2504,Prairie View A&M,Lady Panthers,PV,582c83,eaaa00,away,60,FALSE,7,6,29,38,22,58,NA,22,86,12,14,5,8,9,0,1,19,4,21,37,1,27,27,2638,s:40~l:54~t:2638,UTEP,Miners,ff8200,041e42,84,10,30,17,NA,NA
401824326,2026,11/3/2025,2638,s:40~l:54~t:2638,UTEP,Miners,UTEP,ff8200,041e42,home,84,TRUE,14,3,28,39,31,80,NA,19,64,16,25,27,24,11,0,0,22,6,27,52,0,18,18,2504,s:40~l:54~t:2504,Prairie View A&M,Lady Panthers,582c83,eaaa00,60,17,38,28,NA,NA
401817392,2026,11/3/2025,2330,s:40~l:54~t:2330,Le Moyne,Dolphins,LEM,000000,NA,away,53,FALSE,15,0,23,38,19,50,NA,23,60,6,10,4,7,3,2,0,56,9,16,30,0,20,20,2599,s:40~l:54~t:2599,St. John's,Red Storm,d10000,101010,68,7,16,6,NA,NA
401817392,2026,11/3/2025,2599,s:40~l:54~t:2599,St. John's,Red Storm,SJU,d10000,101010,home,68,TRUE,17,7,25,40,25,63,NA,15,54,13,24,23,18,7,0,0,20,5,25,43,0,13,13,2330,s:40~l:54~t:2330,Le Moyne,Dolphins,000000,NA,53,15,34,28,NA,NA
401812465,2026,11/3/2025,2598,s:40~l:54~t:2598,Saint Francis,Red Flash,SFPA,a20012,000000,away,60,FALSE,12,2,26,34,20,59,NA,19,77,10,13,1,10,9,0,0,29,10,35,36,0,30,30,2184,s:40~l:54~t:2184,Duquesne,Dukes,002D62,b90b2e,89,15,20,12,NA,NA
401812465,2026,11/3/2025,2184,s:40~l:54~t:2184,Duquesne,Dukes,DUQ,002D62,b90b2e,home,89,TRUE,14,2,30,44,36,81,NA,21,70,14,20,32,21,22,0,0,11,3,27,51,0,17,17,2598,s:40~l:54~t:2598,Saint Francis,Red Flash,a20012,000000,60,24,56,29,NA,NA
401808047,2026,11/3/2025,70,s:40~l:54~t:70,Idaho,Vandals,IDHO,000000,8c6e4a,away,87,TRUE,9,6,24,43,29,68,NA,26,75,21,28,6,20,11,0,0,40,8,20,44,0,21,21,265,s:40~l:54~t:265,Washington State,Cougars,a60f2d,4d4d4d,85,14,34,23,NA,NA
401808047,2026,11/3/2025,265,s:40~l:54~t:265,Washington State,Cougars,WSU,a60f2d,4d4d4d,home,85,FALSE,13,3,23,51,30,59,NA,27,63,17,27,15,11,8,1,0,40,8,20,34,0,21,21,70,s:40~l:54~t:70,Idaho,Vandals,000000,8c6e4a,87,2,34,20,NA,NA
401831592,2026,11/3/2025,2894,s:40~l:54~t:2894,Sioux Falls,Cougars,SIO,000000,NA,away,62,FALSE,9,1,19,34,20,58,NA,23,80,16,20,2,8,9,2,0,33,6,18,27,0,14,14,254,s:40~l:54~t:254,Utah,Utes,be0000,ffffff,88,2,18,11,NA,NA
401831592,2026,11/3/2025,254,s:40~l:54~t:254,Utah,Utes,UTAH,be0000,ffffff,home,88,TRUE,21,2,31,44,28,64,NA,17,85,22,26,28,18,5,0,0,31,10,32,49,0,17,17,2894,s:40~l:54~t:2894,Sioux Falls,Cougars,000000,NA,62,4,36,23,NA,NA
401825991,2026,11/3/2025,2181,s:40~l:54~t:2181,Drake,Bulldogs,DRKE,005596,bec0c2,away,83,TRUE,25,6,34,49,31,63,NA,12,56,14,25,18,16,6,0,0,30,7,23,50,0,15,15,2197,s:40~l:54~t:2197,Eastern Illinois,Panthers,000000,bebab9,65,21,48,11,NA,NA
401825991,2026,11/3/2025,2197,s:40~l:54~t:2197,Eastern Illinois,Panthers,EIU,000000,bebab9,home,65,FALSE,16,7,20,39,25,64,NA,21,80,8,10,6,6,8,0,0,30,7,23,26,0,12,12,2181,s:40~l:54~t:2181,Drake,Bulldogs,005596,bec0c2,83,10,32,10,NA,NA
401825092,2026,11/3/2025,2695,s:40~l:54~t:2695,West Alabama,Tigers,UWA,d31d33,ffffff,away,62,TRUE,14,1,30,38,23,60,NA,18,55,11,20,3,17,9,1,0,36,5,14,47,0,19,19,5,s:40~l:54~t:5,UAB,Blazers,1a5632,fdb913,59,14,34,17,NA,NA
401825092,2026,11/3/2025,5,s:40~l:54~t:5,UAB,Blazers,UAB,1a5632,fdb913,home,59,FALSE,11,3,25,32,17,53,NA,18,100,19,19,20,5,11,1,0,35,6,17,30,0,16,16,2695,s:40~l:54~t:2695,West Alabama,Tigers,d31d33,ffffff,62,12,16,15,NA,NA
401818646,2026,11/3/2025,2466,s:40~l:54~t:2466,Northwestern State,Lady Demons,NWST,492F91,ed6118,away,46,FALSE,3,1,18,36,15,42,NA,22,50,12,24,2,8,6,2,0,25,4,16,26,0,24,24,158,s:40~l:54~t:158,Nebraska,Cornhuskers,e31937,ffffff,103,2,20,11,NA,NA
401818646,2026,11/3/2025,158,s:40~l:54~t:158,Nebraska,Cornhuskers,NEB,e31937,ffffff,home,103,TRUE,19,2,25,61,36,59,NA,21,77,23,30,59,11,14,0,0,47,8,17,36,0,12,12,2466,s:40~l:54~t:2466,Northwestern State,Lady Demons,492F91,ed6118,46,16,50,35,NA,NA
401824202,2026,11/3/2025,548,s:40~l:54~t:548,LaGrange,Panthers,LGC,000000,NA,away,35,FALSE,2,1,17,28,12,43,NA,18,77,10,13,0,5,6,1,0,10,1,10,22,0,24,24,55,s:40~l:54~t:55,Jacksonville State,Gamecocks,cc0000,000000,92,0,20,2,NA,NA
401824202,2026,11/3/2025,55,s:40~l:54~t:55,Jacksonville State,Gamecocks,JXST,cc0000,000000,home,92,TRUE,18,2,26,52,34,65,NA,14,71,12,17,57,15,14,0,0,41,12,29,41,0,9,9,548,s:40~l:54~t:548,LaGrange,Panthers,000000,NA,35,18,42,32,NA,NA
401817556,2026,11/3/2025,150,s:40~l:54~t:150,Duke,Blue Devils,DUKE,00539b,ffffff,away,52,FALSE,12,14,21,29,20,69,NA,19,62,8,13,7,19,6,3,0,21,4,19,40,0,15,15,239,s:40~l:54~t:239,Baylor,Bears,154734,ffb81c,58,9,24,16,NA,NA
401817556,2026,11/3/2025,239,s:40~l:54~t:239,Baylor,Bears,BAY,154734,ffb81c,home,58,TRUE,10,9,31,32,20,63,NA,14,75,15,20,8,20,4,4,0,20,3,15,51,0,19,19,150,s:40~l:54~t:150,Duke,Blue Devils,00539b,ffffff,52,6,28,14,NA,NA
401827820,2026,11/3/2025,2450,s:40~l:54~t:2450,Norfolk State,Spartans,NORF,0c8968,fdb813,away,46,FALSE,9,4,17,41,17,41,NA,14,71,10,14,2,4,8,0,0,20,2,10,21,0,22,22,145,s:40~l:54~t:145,Ole Miss,Rebels,13294b,cf142b,87,5,18,9,NA,NA
401827820,2026,11/3/2025,145,s:40~l:54~t:145,Ole Miss,Rebels,MISS,13294b,cf142b,home,87,TRUE,22,3,21,47,33,70,NA,11,73,8,11,43,21,7,1,0,43,13,30,42,0,14,14,2450,s:40~l:54~t:2450,Norfolk State,Spartans,0c8968,fdb813,46,10,34,19,NA,NA
401819923,2026,11/3/2025,2900,s:40~l:54~t:2900,St. Thomas-Minnesota,Tommies,STMN,000000,NA,away,36,FALSE,2,2,19,25,12,48,NA,20,67,10,15,1,10,4,3,0,11,2,19,29,0,20,20,66,s:40~l:54~t:66,Iowa State,Cyclones,ae192d,ffc72a,85,1,18,3,NA,NA
401819923,2026,11/3/2025,66,s:40~l:54~t:66,Iowa State,Cyclones,ISU,ae192d,ffc72a,home,85,TRUE,23,5,29,48,30,63,NA,17,84,16,19,49,13,8,0,0,35,9,26,42,0,9,9,2900,s:40~l:54~t:2900,St. Thomas-Minnesota,Tommies,000000,NA,36,11,38,29,NA,NA
401831184,2026,11/3/2025,2409,s:40~l:54~t:2409,Montevallo,Falcons,MNTV,000000,NA,away,53,FALSE,7,2,20,31,15,48,NA,18,75,15,20,2,10,6,0,0,36,8,22,30,0,22,22,2535,s:40~l:54~t:2535,Samford,Bulldogs,005485,bc0023,75,7,8,15,NA,NA
401831184,2026,11/3/2025,2535,s:40~l:54~t:2535,Samford,Bulldogs,SAM,005485,bc0023,home,75,TRUE,14,5,27,39,26,67,NA,20,75,12,16,24,21,12,1,0,31,11,35,48,0,16,16,2409,s:40~l:54~t:2409,Montevallo,Falcons,000000,NA,53,10,26,19,NA,NA
401827175,2026,11/3/2025,128451,s:40~l:54~t:128451,Friends University,Falcons,FRU,NA,NA,away,65,FALSE,11,1,24,42,26,62,NA,26,57,8,14,0,12,12,2,0,36,5,14,36,0,34,34,198,s:40~l:54~t:198,Oral Roberts,Golden Eagles,002462,dac792,97,19,30,12,NA,NA
401827175,2026,11/3/2025,198,s:40~l:54~t:198,Oral Roberts,Golden Eagles,ORU,002462,dac792,home,97,TRUE,13,4,26,50,34,68,NA,18,77,24,31,39,12,22,0,0,33,5,15,38,0,20,20,128451,s:40~l:54~t:128451,Friends University,Falcons,NA,NA,65,27,54,41,NA,NA
401825057,2026,11/3/2025,2029,s:40~l:54~t:2029,Arkansas-Pine Bluff,Golden Lions,UAPB,e0aa0f,eaaa00,away,69,TRUE,14,2,37,31,22,70,NA,15,53,19,36,6,25,7,1,0,35,6,17,62,0,17,17,235,s:40~l:54~t:235,Memphis,Tigers,004991,8e908f,64,15,26,6,NA,NA
401825057,2026,11/3/2025,235,s:40~l:54~t:235,Memphis,Tigers,MEM,004991,8e908f,home,64,FALSE,15,4,31,36,27,74,NA,30,36,5,14,13,15,8,1,0,18,5,28,46,0,18,18,2029,s:40~l:54~t:2029,Arkansas-Pine Bluff,Golden Lions,e0aa0f,eaaa00,69,15,30,20,NA,NA
401822781,2026,11/3/2025,2737,s:40~l:54~t:2737,Winthrop,Eagles,WIN,9e0b0e,fdb41e,away,57,FALSE,8,3,17,32,20,62,NA,17,73,11,15,0,11,9,1,0,30,6,20,28,0,18,18,269,s:40~l:54~t:269,Marquette,Golden Eagles,003366,ffcc00,89,9,20,14,NA,NA
401822781,2026,11/3/2025,269,s:40~l:54~t:269,Marquette,Golden Eagles,MARQ,003366,ffcc00,home,89,TRUE,27,1,31,48,31,64,NA,14,89,16,18,36,17,7,0,0,37,11,30,48,0,21,21,2737,s:40~l:54~t:2737,Winthrop,Eagles,9e0b0e,fdb41e,57,24,36,27,NA,NA
401817275,2026,11/3/2025,2312,s:40~l:54~t:2312,King (TN),Tornado,KNG,000000,NA,away,34,FALSE,8,1,22,23,11,48,NA,14,67,8,12,1,6,5,1,0,21,4,19,28,0,22,22,236,s:40~l:54~t:236,Chattanooga,Mocs,00386b,dca71d,82,0,10,9,NA,NA
401817275,2026,11/3/2025,236,s:40~l:54~t:236,Chattanooga,Mocs,UTC,00386b,dca71d,home,82,TRUE,17,3,32,54,32,59,NA,16,80,12,15,52,6,12,0,0,27,6,22,38,0,9,9,2312,s:40~l:54~t:2312,King (TN),Tornado,000000,NA,34,20,46,28,NA,NA
401807984,2026,11/3/2025,2904,s:40~l:54~t:2904,Nelson,Lions,NEL,000000,NA,away,54,FALSE,12,0,34,33,20,61,NA,11,67,6,9,3,13,4,3,0,25,8,32,47,0,29,29,2617,s:40~l:54~t:2617,Stephen F. Austin,Ladyjacks,393996,bec0c2,85,2,16,6,NA,NA
401807984,2026,11/3/2025,2617,s:40~l:54~t:2617,Stephen F. Austin,Ladyjacks,SFA,393996,bec0c2,home,85,TRUE,22,4,31,42,36,85,NA,10,44,4,9,33,18,18,0,0,27,9,33,49,0,9,9,2904,s:40~l:54~t:2904,Nelson,Lions,000000,NA,54,36,52,34,NA,NA
401807964,2026,11/3/2025,2113,s:40~l:54~t:2113,Centenary (LA),Gentlemen,CTLA,a20b36,NA,away,49,FALSE,9,1,21,37,18,49,NA,32,50,6,12,NA,8,2,0,0,27,7,26,29,0,29,29,2545,s:40~l:54~t:2545,SE Louisiana,Lady Lions,215732,ffc72c,105,2,18,5,NA,NA
401807964,2026,11/3/2025,2545,s:40~l:54~t:2545,SE Louisiana,Lady Lions,SELA,215732,ffc72c,home,105,TRUE,17,3,25,51,34,67,NA,10,78,32,41,NA,17,16,0,0,28,5,18,42,0,7,7,2113,s:40~l:54~t:2113,Centenary (LA),Gentlemen,a20b36,NA,49,17,50,41,NA,NA
401807915,2026,11/3/2025,100277,s:40~l:54~t:100277,Pensacola Christian,Eagles,PCC,NA,NA,away,38,FALSE,7,1,31,39,16,41,NA,15,50,2,4,0,1,3,1,0,18,4,22,32,0,35,35,2377,s:40~l:54~t:2377,McNeese,Cowgirls,00529C,ffd204,100,0,14,0,NA,NA
401807915,2026,11/3/2025,2377,s:40~l:54~t:2377,McNeese,Cowgirls,MCN,00529C,ffd204,home,100,TRUE,26,1,25,44,37,84,NA,12,78,14,18,63,19,22,0,0,43,12,28,44,0,7,7,100277,s:40~l:54~t:100277,Pensacola Christian,Eagles,NA,NA,38,34,46,49,NA,NA
401828506,2026,11/3/2025,2634,s:40~l:54~t:2634,Tennessee State,Lady Tigers,TNST,171796,f0f0f0,away,53,FALSE,10,9,19,32,20,63,NA,25,48,10,21,5,22,9,0,0,20,3,15,41,0,16,16,2393,s:40~l:54~t:2393,Middle Tennessee,Blue Raiders,036eb7,ffffff,59,9,30,13,NA,NA
401828506,2026,11/3/2025,2393,s:40~l:54~t:2393,Middle Tennessee,Blue Raiders,MTSU,036eb7,ffffff,home,59,TRUE,11,10,25,39,23,59,NA,23,59,10,17,13,19,10,1,0,25,3,12,44,0,20,20,2634,s:40~l:54~t:2634,Tennessee State,Lady Tigers,171796,f0f0f0,53,12,32,21,NA,NA
401807516,2026,11/3/2025,2428,s:40~l:54~t:2428,North Carolina Central,Eagles,NCCU,880023,c2c3c0,away,42,FALSE,7,3,16,26,15,57,NA,19,44,7,16,2,4,5,1,0,36,5,14,20,0,19,19,153,s:40~l:54~t:153,North Carolina,Tar Heels,7bafd4,13294b,90,0,18,18,NA,NA
401807516,2026,11/3/2025,153,s:40~l:54~t:153,North Carolina,Tar Heels,UNC,7bafd4,13294b,home,90,TRUE,16,6,37,53,36,68,NA,21,53,10,19,48,11,10,0,0,40,8,20,48,0,19,19,2428,s:40~l:54~t:2428,North Carolina Central,Eagles,880023,c2c3c0,42,21,54,24,NA,NA
401830361,2026,11/3/2025,128568,s:40~l:54~t:128568,Cleary University,Cougars,CLRY,NA,NA,away,32,FALSE,7,3,21,20,11,55,NA,12,86,6,7,1,8,5,2,0,24,4,17,29,0,25,25,2473,s:40~l:54~t:2473,Oakland,Golden Grizzlies,04091c,bc955c,90,3,14,4,NA,NA
401830361,2026,11/3/2025,2473,s:40~l:54~t:2473,Oakland,Golden Grizzlies,OAK,04091c,bc955c,home,90,TRUE,22,6,36,51,36,71,NA,14,56,9,16,60,17,14,0,0,38,9,24,53,0,11,11,128568,s:40~l:54~t:128568,Cleary University,Cougars,NA,NA,32,13,48,34,NA,NA
401829367,2026,11/3/2025,2644,s:40~l:54~t:2644,Thiel,Tomcats,THI,000000,NA,away,33,FALSE,6,1,14,21,10,47,NA,24,71,10,14,3,7,9,0,0,20,3,15,21,0,34,34,2754,s:40~l:54~t:2754,Youngstown State,Penguins,E51937,690717,104,7,10,16,NA,NA
401829367,2026,11/3/2025,2754,s:40~l:54~t:2754,Youngstown State,Penguins,YSU,E51937,690717,home,104,TRUE,24,7,32,51,38,74,NA,18,58,18,31,77,26,24,0,0,38,10,26,58,0,20,20,2644,s:40~l:54~t:2644,Thiel,Tomcats,000000,NA,33,27,56,48,NA,NA
401825772,2026,11/3/2025,2384,s:40~l:54~t:2384,Mercy,Mavericks,MRCY,000000,NA,away,50,FALSE,11,4,29,32,18,56,NA,12,77,10,13,0,11,7,1,0,29,4,14,40,0,23,23,314,s:40~l:54~t:314,Iona,Gaels,6f2c3e,f0ab00,65,0,26,5,NA,NA
401825772,2026,11/3/2025,314,s:40~l:54~t:314,Iona,Gaels,IONA,6f2c3e,f0ab00,home,65,TRUE,13,3,26,34,26,77,NA,18,90,9,10,17,21,14,0,0,24,4,17,47,0,11,11,2384,s:40~l:54~t:2384,Mercy,Mavericks,000000,NA,50,13,40,29,NA,NA
401825707,2026,11/3/2025,2750,s:40~l:54~t:2750,Wright State,Raiders,WRST,cba052,cba052,away,53,FALSE,9,1,18,34,22,65,NA,16,40,4,10,10,14,6,0,0,24,5,21,32,0,16,16,2086,s:40~l:54~t:2086,Butler,Bulldogs,0d1361,00a3e0,74,2,28,9,NA,NA
401825707,2026,11/3/2025,2086,s:40~l:54~t:2086,Butler,Bulldogs,BUT,0d1361,00a3e0,home,74,TRUE,20,6,31,46,26,57,NA,13,74,17,23,26,12,12,1,0,31,5,16,43,0,16,16,2750,s:40~l:54~t:2750,Wright State,Raiders,cba052,cba052,53,4,38,16,NA,NA
401819578,2026,11/3/2025,2908,s:40~l:54~t:2908,South Carolina Upstate,Spartans,UPST,008545,000000,away,38,FALSE,7,2,19,35,16,46,NA,15,25,1,4,0,7,2,0,0,31,5,16,26,0,21,21,228,s:40~l:54~t:228,Clemson,Tigers,f56600,ffffff,76,0,16,6,NA,NA
401819578,2026,11/3/2025,228,s:40~l:54~t:228,Clemson,Tigers,CLEM,f56600,ffffff,home,76,TRUE,12,5,25,51,29,57,NA,9,67,10,15,44,11,12,0,0,33,8,24,36,0,9,9,2908,s:40~l:54~t:2908,South Carolina Upstate,Spartans,008545,000000,38,7,38,29,NA,NA
